record_date,region,temperature,humidity,precipitation,wind_speed,source
2025-01,三亚市,20.3,65.8,6.0,3.79,Open-Meteo Historical Weather API (ERA5)
2025-01,上海市,6.4,60.1,12.4,2.33,Open-Meteo Historical Weather API (ERA5)
2025-01,丽江市,5.4,64.7,16.2,2.36,Open-Meteo Historical Weather API (ERA5)
2025-01,乌鲁木齐市,-11.8,77.9,11.4,1.28,Open-Meteo Historical Weather API (ERA5)
2025-01,兰州市,-3.7,49.7,8.5,0.66,Open-Meteo Historical Weather API (ERA5)
2025-01,北京市,-1.0,32.8,1.4,1.99,Open-Meteo Historical Weather API (ERA5)
2025-01,南京市,5.0,62.3,10.0,2.2,Open-Meteo Historical Weather API (ERA5)
2025-01,南宁市,15.8,56.0,12.8,2.49,Open-Meteo Historical Weather API (ERA5)
2025-01,南昌市,9.3,53.1,40.4,2.36,Open-Meteo Historical Weather API (ERA5)
2025-01,厦门市,14.3,53.6,2.0,3.61,Open-Meteo Historical Weather API (ERA5)
2025-01,合肥市,5.6,55.8,16.0,2.31,Open-Meteo Historical Weather API (ERA5)
2025-01,吐鲁番市,-4.9,54.6,0.9,0.8,Open-Meteo Historical Weather API (ERA5)
2025-01,呼伦贝尔市,-20.8,79.3,6.9,2.43,Open-Meteo Historical Weather API (ERA5)
2025-01,呼和浩特市,-9.7,51.3,4.6,1.23,Open-Meteo Historical Weather API (ERA5)
2025-01,哈尔滨市,-16.9,82.0,5.1,1.83,Open-Meteo Historical Weather API (ERA5)
2025-01,喀什市,-4.0,48.4,1.4,0.97,Open-Meteo Historical Weather API (ERA5)
2025-01,大连市,-1.0,54.1,6.6,3.45,Open-Meteo Historical Weather API (ERA5)
2025-01,天津市,-0.7,40.1,2.4,2.19,Open-Meteo Historical Weather API (ERA5)
2025-01,太原市,-2.5,34.8,4.6,1.96,Open-Meteo Historical Weather API (ERA5)
2025-01,宁波市,7.0,64.9,14.0,2.2,Open-Meteo Historical Weather API (ERA5)
2025-01,宜昌市,7.1,70.0,31.6,1.09,Open-Meteo Historical Weather API (ERA5)
2025-01,广州市,16.0,45.0,3.5,2.57,Open-Meteo Historical Weather API (ERA5)
2025-01,康定市,-2.1,72.2,32.2,0.73,Open-Meteo Historical Weather API (ERA5)
2025-01,成都市,7.4,79.8,18.8,1.36,Open-Meteo Historical Weather API (ERA5)
2025-01,拉萨市,3.4,19.4,0.8,1.56,Open-Meteo Historical Weather API (ERA5)
2025-01,攀枝花市,12.3,67.3,13.4,1.03,Open-Meteo Historical Weather API (ERA5)
2025-01,昆明市,8.3,72.5,20.0,2.07,Open-Meteo Historical Weather API (ERA5)
2025-01,景洪市,17.5,78.0,21.3,0.86,Open-Meteo Historical Weather API (ERA5)
2025-01,杭州市,6.9,55.5,10.8,1.82,Open-Meteo Historical Weather API (ERA5)
2025-01,桂林市,12.3,49.3,62.4,2.54,Open-Meteo Historical Weather API (ERA5)
2025-01,武汉市,7.6,55.9,36.9,2.14,Open-Meteo Historical Weather API (ERA5)
2025-01,沈阳市,-7.5,52.5,22.9,2.12,Open-Meteo Historical Weather API (ERA5)
2025-01,济南市,1.4,40.3,1.7,2.48,Open-Meteo Historical Weather API (ERA5)
2025-01,海口市,18.0,73.3,12.7,4.32,Open-Meteo Historical Weather API (ERA5)
2025-01,深圳市,15.2,58.6,23.5,2.99,Open-Meteo Historical Weather API (ERA5)
2025-01,漠河市,-22.3,73.8,10.1,1.29,Open-Meteo Historical Weather API (ERA5)
2025-01,石家庄市,0.8,34.9,3.1,1.82,Open-Meteo Historical Weather API (ERA5)
2025-01,福州市,11.6,64.6,2.1,1.68,Open-Meteo Historical Weather API (ERA5)
2025-01,秦皇岛市,-2.7,40.9,6.9,2.7,Open-Meteo Historical Weather API (ERA5)
2025-01,西宁市,-6.5,50.1,7.0,1.32,Open-Meteo Historical Weather API (ERA5)
2025-01,西安市,1.2,63.1,27.0,1.71,Open-Meteo Historical Weather API (ERA5)
2025-01,贵阳市,5.7,76.3,49.8,2.83,Open-Meteo Historical Weather API (ERA5)
2025-01,郑州市,3.4,42.7,24.8,2.65,Open-Meteo Historical Weather API (ERA5)
2025-01,酒泉市,-6.1,43.9,2.5,1.38,Open-Meteo Historical Weather API (ERA5)
2025-01,重庆市,8.9,84.5,53.8,1.26,Open-Meteo Historical Weather API (ERA5)
2025-01,银川市,-6.0,49.8,10.5,1.74,Open-Meteo Historical Weather API (ERA5)
2025-01,长春市,-11.6,68.8,11.6,2.15,Open-Meteo Historical Weather API (ERA5)
2025-01,长沙市,9.3,57.9,39.5,2.16,Open-Meteo Historical Weather API (ERA5)
2025-01,阿勒泰市,-11.2,65.8,23.6,0.49,Open-Meteo Historical Weather API (ERA5)
2025-01,青岛市,2.2,56.8,0.7,3.2,Open-Meteo Historical Weather API (ERA5)
2025-02,三亚市,21.7,75.7,3.8,4.68,Open-Meteo Historical Weather API (ERA5)
2025-02,上海市,5.8,66.9,26.2,2.39,Open-Meteo Historical Weather API (ERA5)
2025-02,丽江市,6.1,57.9,18.2,3.03,Open-Meteo Historical Weather API (ERA5)
2025-02,乌鲁木齐市,-11.5,81.8,0.5,1.17,Open-Meteo Historical Weather API (ERA5)
2025-02,兰州市,-0.9,45.0,3.6,1.13,Open-Meteo Historical Weather API (ERA5)
2025-02,北京市,-0.0,23.2,0.0,2.16,Open-Meteo Historical Weather API (ERA5)
2025-02,南京市,5.7,61.3,11.2,2.38,Open-Meteo Historical Weather API (ERA5)
2025-02,南宁市,14.2,76.4,50.0,2.21,Open-Meteo Historical Weather API (ERA5)
2025-02,南昌市,7.8,75.8,77.5,2.57,Open-Meteo Historical Weather API (ERA5)
2025-02,厦门市,13.7,69.4,55.2,3.52,Open-Meteo Historical Weather API (ERA5)
2025-02,合肥市,6.1,62.6,14.7,2.38,Open-Meteo Historical Weather API (ERA5)
2025-02,吐鲁番市,1.4,33.0,0.3,0.98,Open-Meteo Historical Weather API (ERA5)
2025-02,呼伦贝尔市,-20.1,75.8,7.4,3.35,Open-Meteo Historical Weather API (ERA5)
2025-02,呼和浩特市,-8.8,37.5,0.1,1.6,Open-Meteo Historical Weather API (ERA5)
2025-02,哈尔滨市,-14.3,77.3,4.2,2.76,Open-Meteo Historical Weather API (ERA5)
2025-02,喀什市,0.1,37.3,5.3,1.19,Open-Meteo Historical Weather API (ERA5)
2025-02,大连市,-1.0,49.4,6.2,3.84,Open-Meteo Historical Weather API (ERA5)
2025-02,天津市,0.7,30.9,0.3,2.35,Open-Meteo Historical Weather API (ERA5)
2025-02,太原市,-1.1,34.3,2.5,2.11,Open-Meteo Historical Weather API (ERA5)
2025-02,宁波市,7.1,69.1,44.2,2.63,Open-Meteo Historical Weather API (ERA5)
2025-02,宜昌市,7.0,70.9,12.3,1.1,Open-Meteo Historical Weather API (ERA5)
2025-02,广州市,16.2,65.3,25.1,2.48,Open-Meteo Historical Weather API (ERA5)
2025-02,康定市,-2.4,75.8,66.8,0.79,Open-Meteo Historical Weather API (ERA5)
2025-02,成都市,8.0,80.8,41.8,1.59,Open-Meteo Historical Weather API (ERA5)
2025-02,拉萨市,2.5,32.0,11.2,1.52,Open-Meteo Historical Weather API (ERA5)
2025-02,攀枝花市,14.9,52.1,0.5,1.16,Open-Meteo Historical Weather API (ERA5)
2025-02,昆明市,11.9,59.2,18.9,2.85,Open-Meteo Historical Weather API (ERA5)
2025-02,景洪市,20.0,71.2,36.7,1.01,Open-Meteo Historical Weather API (ERA5)
2025-02,杭州市,6.7,67.7,53.3,2.16,Open-Meteo Historical Weather API (ERA5)
2025-02,桂林市,9.8,73.3,103.3,2.99,Open-Meteo Historical Weather API (ERA5)
2025-02,武汉市,7.2,69.1,18.3,1.87,Open-Meteo Historical Weather API (ERA5)
2025-02,沈阳市,-9.1,62.0,2.7,2.34,Open-Meteo Historical Weather API (ERA5)
2025-02,济南市,2.8,33.0,2.3,2.86,Open-Meteo Historical Weather API (ERA5)
2025-02,海口市,19.3,82.7,15.3,4.89,Open-Meteo Historical Weather API (ERA5)
2025-02,深圳市,16.1,73.2,23.8,2.86,Open-Meteo Historical Weather API (ERA5)
2025-02,漠河市,-20.2,67.1,1.9,1.98,Open-Meteo Historical Weather API (ERA5)
2025-02,石家庄市,2.1,29.0,0.0,1.83,Open-Meteo Historical Weather API (ERA5)
2025-02,福州市,11.5,75.5,28.9,1.67,Open-Meteo Historical Weather API (ERA5)
2025-02,秦皇岛市,-2.2,41.4,1.4,2.82,Open-Meteo Historical Weather API (ERA5)
2025-02,西宁市,-4.0,48.4,1.8,2.29,Open-Meteo Historical Weather API (ERA5)
2025-02,西安市,3.6,59.0,4.4,1.88,Open-Meteo Historical Weather API (ERA5)
2025-02,贵阳市,4.5,82.9,66.9,2.78,Open-Meteo Historical Weather API (ERA5)
2025-02,郑州市,5.1,43.7,1.6,2.44,Open-Meteo Historical Weather API (ERA5)
2025-02,酒泉市,-4.0,31.2,3.0,1.65,Open-Meteo Historical Weather API (ERA5)
2025-02,重庆市,9.4,79.2,35.4,1.15,Open-Meteo Historical Weather API (ERA5)
2025-02,银川市,-4.2,39.3,0.1,2.33,Open-Meteo Historical Weather API (ERA5)
2025-02,长春市,-10.0,59.1,1.7,2.81,Open-Meteo Historical Weather API (ERA5)
2025-02,长沙市,8.0,77.5,99.4,2.24,Open-Meteo Historical Weather API (ERA5)
2025-02,阿勒泰市,-11.7,64.6,1.2,0.72,Open-Meteo Historical Weather API (ERA5)
2025-02,青岛市,1.9,53.7,5.6,3.56,Open-Meteo Historical Weather API (ERA5)
2025-03,三亚市,23.4,76.9,8.0,3.39,Open-Meteo Historical Weather API (ERA5)
2025-03,上海市,12.4,65.0,79.2,2.74,Open-Meteo Historical Weather API (ERA5)
2025-03,丽江市,8.3,66.0,76.2,2.78,Open-Meteo Historical Weather API (ERA5)
2025-03,乌鲁木齐市,0.4,65.8,19.5,2.24,Open-Meteo Historical Weather API (ERA5)
2025-03,兰州市,3.7,45.1,7.7,1.43,Open-Meteo Historical Weather API (ERA5)
2025-03,北京市,10.2,29.9,13.5,2.34,Open-Meteo Historical Weather API (ERA5)
2025-03,南京市,12.1,64.6,48.8,2.91,Open-Meteo Historical Weather API (ERA5)
2025-03,南宁市,18.5,71.8,36.1,2.82,Open-Meteo Historical Weather API (ERA5)
2025-03,南昌市,13.6,71.9,105.5,2.77,Open-Meteo Historical Weather API (ERA5)
2025-03,厦门市,16.6,74.8,162.8,3.07,Open-Meteo Historical Weather API (ERA5)
2025-03,合肥市,12.8,61.9,55.6,2.89,Open-Meteo Historical Weather API (ERA5)
2025-03,吐鲁番市,10.1,22.0,0.0,1.66,Open-Meteo Historical Weather API (ERA5)
2025-03,呼伦贝尔市,-8.6,71.3,16.9,3.2,Open-Meteo Historical Weather API (ERA5)
2025-03,呼和浩特市,2.5,43.8,9.7,2.02,Open-Meteo Historical Weather API (ERA5)
2025-03,哈尔滨市,-1.2,53.9,16.9,3.22,Open-Meteo Historical Weather API (ERA5)
2025-03,喀什市,7.6,34.9,8.9,1.8,Open-Meteo Historical Weather API (ERA5)
2025-03,大连市,6.3,51.9,4.4,4.06,Open-Meteo Historical Weather API (ERA5)
2025-03,天津市,10.1,33.0,4.4,2.8,Open-Meteo Historical Weather API (ERA5)
2025-03,太原市,6.5,42.2,21.2,2.22,Open-Meteo Historical Weather API (ERA5)
2025-03,宁波市,13.0,68.6,67.3,2.7,Open-Meteo Historical Weather API (ERA5)
2025-03,宜昌市,12.9,64.2,35.8,1.51,Open-Meteo Historical Weather API (ERA5)
2025-03,广州市,18.7,72.3,79.8,2.63,Open-Meteo Historical Weather API (ERA5)
2025-03,康定市,0.4,72.4,108.9,0.97,Open-Meteo Historical Weather API (ERA5)
2025-03,成都市,12.0,71.7,52.6,1.63,Open-Meteo Historical Weather API (ERA5)
2025-03,拉萨市,5.9,27.2,10.0,2.05,Open-Meteo Historical Weather API (ERA5)
2025-03,攀枝花市,17.9,52.0,15.0,1.19,Open-Meteo Historical Weather API (ERA5)
2025-03,昆明市,14.2,53.9,36.7,3.07,Open-Meteo Historical Weather API (ERA5)
2025-03,景洪市,22.7,60.7,3.9,1.14,Open-Meteo Historical Weather API (ERA5)
2025-03,杭州市,12.9,65.6,75.2,2.41,Open-Meteo Historical Weather API (ERA5)
2025-03,桂林市,15.1,69.9,162.5,2.93,Open-Meteo Historical Weather API (ERA5)
2025-03,武汉市,13.1,68.1,52.9,2.44,Open-Meteo Historical Weather API (ERA5)
2025-03,沈阳市,4.1,42.7,5.3,3.12,Open-Meteo Historical Weather API (ERA5)
2025-03,济南市,10.3,41.9,52.6,3.55,Open-Meteo Historical Weather API (ERA5)
2025-03,海口市,21.6,80.1,30.9,4.34,Open-Meteo Historical Weather API (ERA5)
2025-03,深圳市,19.0,73.4,72.1,2.76,Open-Meteo Historical Weather API (ERA5)
2025-03,漠河市,-11.9,64.2,12.2,1.85,Open-Meteo Historical Weather API (ERA5)
2025-03,石家庄市,11.0,36.5,24.3,2.39,Open-Meteo Historical Weather API (ERA5)
2025-03,福州市,15.7,73.6,134.6,1.7,Open-Meteo Historical Weather API (ERA5)
2025-03,秦皇岛市,6.3,41.4,1.1,3.65,Open-Meteo Historical Weather API (ERA5)
2025-03,西宁市,0.6,46.4,5.1,2.44,Open-Meteo Historical Weather API (ERA5)
2025-03,西安市,11.2,47.3,34.2,2.2,Open-Meteo Historical Weather API (ERA5)
2025-03,贵阳市,9.6,74.2,66.3,3.2,Open-Meteo Historical Weather API (ERA5)
2025-03,郑州市,12.5,45.1,46.1,2.99,Open-Meteo Historical Weather API (ERA5)
2025-03,酒泉市,2.4,28.2,4.8,2.28,Open-Meteo Historical Weather API (ERA5)
2025-03,重庆市,13.0,79.2,80.2,1.38,Open-Meteo Historical Weather API (ERA5)
2025-03,银川市,4.2,41.0,10.1,2.39,Open-Meteo Historical Weather API (ERA5)
2025-03,长春市,1.1,45.2,18.0,3.22,Open-Meteo Historical Weather API (ERA5)
2025-03,长沙市,13.6,72.2,142.6,2.66,Open-Meteo Historical Weather API (ERA5)
2025-03,阿勒泰市,-4.2,62.2,35.6,1.4,Open-Meteo Historical Weather API (ERA5)
2025-03,青岛市,8.6,59.8,74.7,3.76,Open-Meteo Historical Weather API (ERA5)
2025-04,三亚市,25.6,80.0,35.4,2.59,Open-Meteo Historical Weather API (ERA5)
2025-04,上海市,18.7,58.5,51.3,2.76,Open-Meteo Historical Weather API (ERA5)
2025-04,丽江市,13.3,58.4,25.9,2.73,Open-Meteo Historical Weather API (ERA5)
2025-04,乌鲁木齐市,14.7,37.8,35.8,3.2,Open-Meteo Historical Weather API (ERA5)
2025-04,兰州市,13.1,31.4,7.6,1.58,Open-Meteo Historical Weather API (ERA5)
2025-04,北京市,17.4,30.5,15.2,2.93,Open-Meteo Historical Weather API (ERA5)
2025-04,南京市,20.1,50.0,15.3,2.97,Open-Meteo Historical Weather API (ERA5)
2025-04,南宁市,23.9,72.6,114.7,2.66,Open-Meteo Historical Weather API (ERA5)
2025-04,南昌市,20.8,70.6,120.6,1.88,Open-Meteo Historical Weather API (ERA5)
2025-04,厦门市,21.0,77.3,80.1,2.44,Open-Meteo Historical Weather API (ERA5)
2025-04,合肥市,20.8,52.4,30.4,2.96,Open-Meteo Historical Weather API (ERA5)
2025-04,吐鲁番市,21.9,20.2,0.3,1.84,Open-Meteo Historical Weather API (ERA5)
2025-04,呼伦贝尔市,3.4,54.6,27.6,4.01,Open-Meteo Historical Weather API (ERA5)
2025-04,呼和浩特市,9.6,38.0,20.4,2.34,Open-Meteo Historical Weather API (ERA5)
2025-04,哈尔滨市,8.8,62.9,64.1,3.23,Open-Meteo Historical Weather API (ERA5)
2025-04,喀什市,16.7,31.8,24.0,2.02,Open-Meteo Historical Weather API (ERA5)
2025-04,大连市,11.2,59.9,39.1,3.78,Open-Meteo Historical Weather API (ERA5)
2025-04,天津市,17.1,35.7,10.4,3.01,Open-Meteo Historical Weather API (ERA5)
2025-04,太原市,15.4,28.0,14.5,2.85,Open-Meteo Historical Weather API (ERA5)
2025-04,宁波市,19.5,62.1,56.1,2.76,Open-Meteo Historical Weather API (ERA5)
2025-04,宜昌市,21.9,59.9,37.6,1.42,Open-Meteo Historical Weather API (ERA5)
2025-04,广州市,23.3,73.8,155.0,2.29,Open-Meteo Historical Weather API (ERA5)
2025-04,康定市,6.6,76.8,184.1,0.8,Open-Meteo Historical Weather API (ERA5)
2025-04,成都市,20.1,64.1,49.8,1.71,Open-Meteo Historical Weather API (ERA5)
2025-04,拉萨市,9.5,34.5,29.1,1.78,Open-Meteo Historical Weather API (ERA5)
2025-04,攀枝花市,23.2,45.8,13.6,1.34,Open-Meteo Historical Weather API (ERA5)
2025-04,昆明市,18.6,53.5,24.5,2.97,Open-Meteo Historical Weather API (ERA5)
2025-04,景洪市,24.5,75.3,116.1,0.91,Open-Meteo Historical Weather API (ERA5)
2025-04,杭州市,20.6,53.8,65.4,2.31,Open-Meteo Historical Weather API (ERA5)
2025-04,桂林市,21.5,71.9,305.6,1.97,Open-Meteo Historical Weather API (ERA5)
2025-04,武汉市,21.8,58.4,73.0,2.33,Open-Meteo Historical Weather API (ERA5)
2025-04,沈阳市,11.4,56.5,83.0,2.95,Open-Meteo Historical Weather API (ERA5)
2025-04,济南市,18.6,36.8,36.5,4.1,Open-Meteo Historical Weather API (ERA5)
2025-04,海口市,25.6,73.3,83.3,3.59,Open-Meteo Historical Weather API (ERA5)
2025-04,深圳市,22.6,78.0,187.4,2.73,Open-Meteo Historical Weather API (ERA5)
2025-04,漠河市,2.3,56.7,56.2,2.71,Open-Meteo Historical Weather API (ERA5)
2025-04,石家庄市,19.3,29.4,12.0,2.68,Open-Meteo Historical Weather API (ERA5)
2025-04,福州市,20.4,75.8,140.5,1.42,Open-Meteo Historical Weather API (ERA5)
2025-04,秦皇岛市,12.0,51.1,27.7,3.23,Open-Meteo Historical Weather API (ERA5)
2025-04,西宁市,8.7,39.1,19.7,2.2,Open-Meteo Historical Weather API (ERA5)
2025-04,西安市,21.0,31.1,6.0,2.62,Open-Meteo Historical Weather API (ERA5)
2025-04,贵阳市,16.0,73.4,129.7,2.97,Open-Meteo Historical Weather API (ERA5)
2025-04,郑州市,21.7,31.6,4.3,3.21,Open-Meteo Historical Weather API (ERA5)
2025-04,酒泉市,12.5,24.2,6.7,3.12,Open-Meteo Historical Weather API (ERA5)
2025-04,重庆市,19.9,77.9,197.1,1.37,Open-Meteo Historical Weather API (ERA5)
2025-04,银川市,13.8,25.1,4.1,2.77,Open-Meteo Historical Weather API (ERA5)
2025-04,长春市,9.6,58.0,96.4,3.18,Open-Meteo Historical Weather API (ERA5)
2025-04,长沙市,20.7,74.2,197.7,1.94,Open-Meteo Historical Weather API (ERA5)
2025-04,阿勒泰市,8.2,50.2,30.9,2.06,Open-Meteo Historical Weather API (ERA5)
2025-04,青岛市,13.9,59.4,27.6,4.22,Open-Meteo Historical Weather API (ERA5)
2025-05,三亚市,28.1,81.0,115.7,2.83,Open-Meteo Historical Weather API (ERA5)
2025-05,上海市,21.7,69.9,114.1,2.81,Open-Meteo Historical Weather API (ERA5)
2025-05,丽江市,14.9,70.9,193.9,1.86,Open-Meteo Historical Weather API (ERA5)
2025-05,乌鲁木齐市,20.2,40.9,47.4,2.9,Open-Meteo Historical Weather API (ERA5)
2025-05,兰州市,18.3,38.7,46.6,1.74,Open-Meteo Historical Weather API (ERA5)
2025-05,北京市,21.0,49.5,72.4,2.31,Open-Meteo Historical Weather API (ERA5)
2025-05,南京市,22.8,62.0,135.6,3.09,Open-Meteo Historical Weather API (ERA5)
2025-05,南宁市,25.5,83.1,309.6,2.59,Open-Meteo Historical Weather API (ERA5)
2025-05,南昌市,24.0,76.6,318.9,2.1,Open-Meteo Historical Weather API (ERA5)
2025-05,厦门市,25.1,76.9,128.2,2.54,Open-Meteo Historical Weather API (ERA5)
2025-05,合肥市,23.4,63.5,161.7,2.97,Open-Meteo Historical Weather API (ERA5)
2025-05,吐鲁番市,29.7,18.0,2.8,2.27,Open-Meteo Historical Weather API (ERA5)
2025-05,呼伦贝尔市,11.0,46.5,17.5,3.42,Open-Meteo Historical Weather API (ERA5)
2025-05,呼和浩特市,14.9,47.9,110.9,2.37,Open-Meteo Historical Weather API (ERA5)
2025-05,哈尔滨市,15.2,57.5,44.5,3.01,Open-Meteo Historical Weather API (ERA5)
2025-05,喀什市,23.9,24.5,25.5,2.81,Open-Meteo Historical Weather API (ERA5)
2025-05,大连市,15.5,70.2,69.7,3.55,Open-Meteo Historical Weather API (ERA5)
2025-05,天津市,21.5,47.6,32.9,2.51,Open-Meteo Historical Weather API (ERA5)
2025-05,太原市,19.5,39.2,54.2,2.46,Open-Meteo Historical Weather API (ERA5)
2025-05,宁波市,22.2,74.8,183.1,2.7,Open-Meteo Historical Weather API (ERA5)
2025-05,宜昌市,23.9,70.6,166.8,1.34,Open-Meteo Historical Weather API (ERA5)
2025-05,广州市,25.3,83.1,326.8,2.11,Open-Meteo Historical Weather API (ERA5)
2025-05,康定市,11.3,81.3,230.7,1.02,Open-Meteo Historical Weather API (ERA5)
2025-05,成都市,24.4,57.2,62.5,1.85,Open-Meteo Historical Weather API (ERA5)
2025-05,拉萨市,11.6,56.2,96.8,1.28,Open-Meteo Historical Weather API (ERA5)
2025-05,攀枝花市,24.2,59.7,172.8,1.16,Open-Meteo Historical Weather API (ERA5)
2025-05,昆明市,18.5,69.7,267.6,2.32,Open-Meteo Historical Weather API (ERA5)
2025-05,景洪市,25.6,81.1,309.8,1.11,Open-Meteo Historical Weather API (ERA5)
2025-05,杭州市,23.3,66.4,184.2,2.42,Open-Meteo Historical Weather API (ERA5)
2025-05,桂林市,23.5,80.2,629.1,2.03,Open-Meteo Historical Weather API (ERA5)
2025-05,武汉市,24.1,66.1,194.8,2.4,Open-Meteo Historical Weather API (ERA5)
2025-05,沈阳市,17.9,51.0,66.7,3.08,Open-Meteo Historical Weather API (ERA5)
2025-05,济南市,22.6,43.4,23.8,3.93,Open-Meteo Historical Weather API (ERA5)
2025-05,海口市,27.7,82.2,252.9,3.43,Open-Meteo Historical Weather API (ERA5)
2025-05,深圳市,25.8,80.5,174.2,2.52,Open-Meteo Historical Weather API (ERA5)
2025-05,漠河市,9.4,54.7,31.3,2.74,Open-Meteo Historical Weather API (ERA5)
2025-05,石家庄市,22.4,45.5,72.5,2.44,Open-Meteo Historical Weather API (ERA5)
2025-05,福州市,24.4,78.6,175.9,1.33,Open-Meteo Historical Weather API (ERA5)
2025-05,秦皇岛市,17.1,60.2,40.2,3.05,Open-Meteo Historical Weather API (ERA5)
2025-05,西宁市,14.1,41.8,19.4,2.11,Open-Meteo Historical Weather API (ERA5)
2025-05,西安市,24.4,40.7,50.5,2.57,Open-Meteo Historical Weather API (ERA5)
2025-05,贵阳市,18.4,79.0,210.2,3.18,Open-Meteo Historical Weather API (ERA5)
2025-05,郑州市,25.1,37.7,34.2,3.04,Open-Meteo Historical Weather API (ERA5)
2025-05,酒泉市,18.5,27.2,19.8,3.42,Open-Meteo Historical Weather API (ERA5)
2025-05,重庆市,23.3,79.3,207.2,1.32,Open-Meteo Historical Weather API (ERA5)
2025-05,银川市,19.0,32.9,10.0,3.02,Open-Meteo Historical Weather API (ERA5)
2025-05,长春市,15.7,54.5,54.1,3.1,Open-Meteo Historical Weather API (ERA5)
2025-05,长沙市,23.8,75.6,209.9,2.26,Open-Meteo Historical Weather API (ERA5)
2025-05,阿勒泰市,15.3,42.6,21.2,2.58,Open-Meteo Historical Weather API (ERA5)
2025-05,青岛市,18.0,67.3,62.6,4.04,Open-Meteo Historical Weather API (ERA5)
2025-06,三亚市,28.6,83.1,387.5,3.42,Open-Meteo Historical Weather API (ERA5)
2025-06,上海市,25.1,83.1,311.9,2.37,Open-Meteo Historical Weather API (ERA5)
2025-06,丽江市,16.8,79.7,312.4,1.5,Open-Meteo Historical Weather API (ERA5)
2025-06,乌鲁木齐市,26.2,34.6,11.1,2.61,Open-Meteo Historical Weather API (ERA5)
2025-06,兰州市,21.6,48.2,49.4,1.52,Open-Meteo Historical Weather API (ERA5)
2025-06,北京市,27.9,44.2,58.6,2.13,Open-Meteo Historical Weather API (ERA5)
2025-06,南京市,25.2,81.4,261.3,2.47,Open-Meteo Historical Weather API (ERA5)
2025-06,南宁市,27.8,83.4,281.2,2.91,Open-Meteo Historical Weather API (ERA5)
2025-06,南昌市,27.0,82.7,193.0,2.17,Open-Meteo Historical Weather API (ERA5)
2025-06,厦门市,28.1,79.5,158.8,2.63,Open-Meteo Historical Weather API (ERA5)
2025-06,合肥市,25.4,82.6,239.6,2.54,Open-Meteo Historical Weather API (ERA5)
2025-06,吐鲁番市,35.4,16.4,0.1,2.29,Open-Meteo Historical Weather API (ERA5)
2025-06,呼伦贝尔市,17.6,63.7,62.1,3.15,Open-Meteo Historical Weather API (ERA5)
2025-06,呼和浩特市,21.2,47.5,27.0,1.88,Open-Meteo Historical Weather API (ERA5)
2025-06,哈尔滨市,21.2,69.0,129.8,2.85,Open-Meteo Historical Weather API (ERA5)
2025-06,喀什市,27.2,25.7,3.7,2.74,Open-Meteo Historical Weather API (ERA5)
2025-06,大连市,22.0,70.6,97.9,3.29,Open-Meteo Historical Weather API (ERA5)
2025-06,天津市,27.2,50.6,58.0,2.18,Open-Meteo Historical Weather API (ERA5)
2025-06,太原市,24.8,41.7,31.9,2.05,Open-Meteo Historical Weather API (ERA5)
2025-06,宁波市,26.0,83.5,411.6,2.29,Open-Meteo Historical Weather API (ERA5)
2025-06,宜昌市,26.3,78.8,256.7,1.21,Open-Meteo Historical Weather API (ERA5)
2025-06,广州市,27.5,84.8,474.2,2.47,Open-Meteo Historical Weather API (ERA5)
2025-06,康定市,14.0,86.2,184.1,1.06,Open-Meteo Historical Weather API (ERA5)
2025-06,成都市,27.2,62.1,156.8,1.54,Open-Meteo Historical Weather API (ERA5)
2025-06,拉萨市,16.2,45.6,77.8,1.51,Open-Meteo Historical Weather API (ERA5)
2025-06,攀枝花市,24.5,73.5,499.8,0.94,Open-Meteo Historical Weather API (ERA5)
2025-06,昆明市,19.1,80.7,318.6,1.82,Open-Meteo Historical Weather API (ERA5)
2025-06,景洪市,25.9,87.8,348.4,1.26,Open-Meteo Historical Weather API (ERA5)
2025-06,杭州市,25.9,81.8,366.1,1.81,Open-Meteo Historical Weather API (ERA5)
2025-06,桂林市,26.6,82.3,424.7,2.14,Open-Meteo Historical Weather API (ERA5)
2025-06,武汉市,25.9,82.6,427.3,2.13,Open-Meteo Historical Weather API (ERA5)
2025-06,沈阳市,24.2,56.0,120.9,2.74,Open-Meteo Historical Weather API (ERA5)
2025-06,济南市,27.9,47.7,85.9,2.89,Open-Meteo Historical Weather API (ERA5)
2025-06,海口市,28.6,82.9,328.5,3.9,Open-Meteo Historical Weather API (ERA5)
2025-06,深圳市,27.2,86.1,286.7,2.76,Open-Meteo Historical Weather API (ERA5)
2025-06,漠河市,16.4,69.5,67.5,1.95,Open-Meteo Historical Weather API (ERA5)
2025-06,石家庄市,28.3,45.6,99.8,1.92,Open-Meteo Historical Weather API (ERA5)
2025-06,福州市,28.9,74.9,132.6,1.65,Open-Meteo Historical Weather API (ERA5)
2025-06,秦皇岛市,23.3,65.3,101.2,2.61,Open-Meteo Historical Weather API (ERA5)
2025-06,西宁市,16.1,59.0,72.4,1.56,Open-Meteo Historical Weather API (ERA5)
2025-06,西安市,27.6,50.4,48.7,2.06,Open-Meteo Historical Weather API (ERA5)
2025-06,贵阳市,20.9,83.3,245.8,3.12,Open-Meteo Historical Weather API (ERA5)
2025-06,郑州市,29.2,48.3,68.1,2.57,Open-Meteo Historical Weather API (ERA5)
2025-06,酒泉市,22.9,32.1,30.5,2.81,Open-Meteo Historical Weather API (ERA5)
2025-06,重庆市,26.3,79.1,157.0,1.4,Open-Meteo Historical Weather API (ERA5)
2025-06,银川市,23.9,37.7,29.3,2.23,Open-Meteo Historical Weather API (ERA5)
2025-06,长春市,21.8,62.4,153.6,2.91,Open-Meteo Historical Weather API (ERA5)
2025-06,长沙市,26.5,82.6,273.1,2.34,Open-Meteo Historical Weather API (ERA5)
2025-06,阿勒泰市,22.0,41.8,14.4,2.23,Open-Meteo Historical Weather API (ERA5)
2025-06,青岛市,23.1,76.5,152.2,3.26,Open-Meteo Historical Weather API (ERA5)
2025-07,三亚市,28.3,84.3,275.1,3.88,Open-Meteo Historical Weather API (ERA5)
2025-07,上海市,29.3,75.5,233.0,3.54,Open-Meteo Historical Weather API (ERA5)
2025-07,丽江市,17.3,80.6,242.9,1.16,Open-Meteo Historical Weather API (ERA5)
2025-07,乌鲁木齐市,27.4,34.9,16.1,2.36,Open-Meteo Historical Weather API (ERA5)
2025-07,兰州市,24.1,62.2,75.9,1.61,Open-Meteo Historical Weather API (ERA5)
2025-07,北京市,28.4,71.8,251.5,1.53,Open-Meteo Historical Weather API (ERA5)
2025-07,南京市,30.6,69.9,91.7,3.39,Open-Meteo Historical Weather API (ERA5)
2025-07,南宁市,28.6,83.9,253.2,2.05,Open-Meteo Historical Weather API (ERA5)
2025-07,南昌市,31.8,67.3,112.0,2.62,Open-Meteo Historical Weather API (ERA5)
2025-07,厦门市,29.1,79.6,379.9,2.91,Open-Meteo Historical Weather API (ERA5)
2025-07,合肥市,31.5,65.9,82.8,3.2,Open-Meteo Historical Weather API (ERA5)
2025-07,吐鲁番市,37.0,18.1,2.7,2.14,Open-Meteo Historical Weather API (ERA5)
2025-07,呼伦贝尔市,20.9,69.0,128.8,3.26,Open-Meteo Historical Weather API (ERA5)
2025-07,呼和浩特市,22.2,75.3,274.0,1.4,Open-Meteo Historical Weather API (ERA5)
2025-07,哈尔滨市,25.7,74.0,125.7,3.2,Open-Meteo Historical Weather API (ERA5)
2025-07,喀什市,28.8,28.3,6.2,2.3,Open-Meteo Historical Weather API (ERA5)
2025-07,大连市,26.3,83.0,294.5,2.77,Open-Meteo Historical Weather API (ERA5)
2025-07,天津市,29.1,70.4,119.8,1.79,Open-Meteo Historical Weather API (ERA5)
2025-07,太原市,25.7,71.3,149.7,1.69,Open-Meteo Historical Weather API (ERA5)
2025-07,宁波市,28.7,80.4,331.8,3.43,Open-Meteo Historical Weather API (ERA5)
2025-07,宜昌市,29.8,79.5,233.3,1.39,Open-Meteo Historical Weather API (ERA5)
2025-07,广州市,28.6,83.9,336.5,1.93,Open-Meteo Historical Weather API (ERA5)
2025-07,康定市,17.1,85.4,179.8,1.05,Open-Meteo Historical Weather API (ERA5)
2025-07,成都市,27.6,80.4,292.5,1.47,Open-Meteo Historical Weather API (ERA5)
2025-07,拉萨市,17.0,56.2,148.0,1.14,Open-Meteo Historical Weather API (ERA5)
2025-07,攀枝花市,25.4,74.9,231.7,0.94,Open-Meteo Historical Weather API (ERA5)
2025-07,昆明市,19.5,83.2,281.3,1.67,Open-Meteo Historical Weather API (ERA5)
2025-07,景洪市,25.5,90.5,510.3,1.03,Open-Meteo Historical Weather API (ERA5)
2025-07,杭州市,29.3,76.1,273.1,2.9,Open-Meteo Historical Weather API (ERA5)
2025-07,桂林市,29.5,74.4,141.6,1.81,Open-Meteo Historical Weather API (ERA5)
2025-07,武汉市,32.6,63.8,37.5,2.24,Open-Meteo Historical Weather API (ERA5)
2025-07,沈阳市,26.2,78.2,171.1,2.43,Open-Meteo Historical Weather API (ERA5)
2025-07,济南市,29.8,65.9,192.3,2.65,Open-Meteo Historical Weather API (ERA5)
2025-07,海口市,28.2,85.9,341.2,3.09,Open-Meteo Historical Weather API (ERA5)
2025-07,深圳市,28.0,86.2,375.5,2.47,Open-Meteo Historical Weather API (ERA5)
2025-07,漠河市,18.9,75.4,171.0,2.49,Open-Meteo Historical Weather API (ERA5)
2025-07,石家庄市,28.6,76.1,135.7,1.52,Open-Meteo Historical Weather API (ERA5)
2025-07,福州市,28.8,81.2,513.5,2.04,Open-Meteo Historical Weather API (ERA5)
2025-07,秦皇岛市,26.5,80.3,140.8,2.2,Open-Meteo Historical Weather API (ERA5)
2025-07,西宁市,19.7,66.8,117.7,1.77,Open-Meteo Historical Weather API (ERA5)
2025-07,西安市,31.2,56.3,68.0,2.47,Open-Meteo Historical Weather API (ERA5)
2025-07,贵阳市,22.8,82.6,162.1,2.74,Open-Meteo Historical Weather API (ERA5)
2025-07,郑州市,31.3,60.8,86.0,2.55,Open-Meteo Historical Weather API (ERA5)
2025-07,酒泉市,24.7,44.9,35.3,2.53,Open-Meteo Historical Weather API (ERA5)
2025-07,重庆市,30.3,73.3,225.5,1.31,Open-Meteo Historical Weather API (ERA5)
2025-07,银川市,26.0,58.8,59.2,2.07,Open-Meteo Historical Weather API (ERA5)
2025-07,长春市,25.6,75.9,184.4,2.87,Open-Meteo Historical Weather API (ERA5)
2025-07,长沙市,31.4,69.3,133.8,2.16,Open-Meteo Historical Weather API (ERA5)
2025-07,阿勒泰市,23.8,33.9,1.1,2.39,Open-Meteo Historical Weather API (ERA5)
2025-07,青岛市,28.3,77.1,94.2,3.68,Open-Meteo Historical Weather API (ERA5)
2025-08,三亚市,28.2,84.0,419.5,3.11,Open-Meteo Historical Weather API (ERA5)
2025-08,上海市,31.1,70.8,73.0,2.45,Open-Meteo Historical Weather API (ERA5)
2025-08,丽江市,16.3,87.2,387.2,1.04,Open-Meteo Historical Weather API (ERA5)
2025-08,乌鲁木齐市,24.1,41.8,21.1,2.32,Open-Meteo Historical Weather API (ERA5)
2025-08,兰州市,21.4,71.8,108.3,1.27,Open-Meteo Historical Weather API (ERA5)
2025-08,北京市,26.2,81.5,177.5,1.44,Open-Meteo Historical Weather API (ERA5)
2025-08,南京市,30.1,75.3,147.9,2.16,Open-Meteo Historical Weather API (ERA5)
2025-08,南宁市,27.6,86.2,308.3,2.51,Open-Meteo Historical Weather API (ERA5)
2025-08,南昌市,32.5,61.3,25.3,2.36,Open-Meteo Historical Weather API (ERA5)
2025-08,厦门市,28.4,81.6,212.8,2.68,Open-Meteo Historical Weather API (ERA5)
2025-08,合肥市,30.2,75.8,113.1,2.04,Open-Meteo Historical Weather API (ERA5)
2025-08,吐鲁番市,33.6,23.3,1.7,2.08,Open-Meteo Historical Weather API (ERA5)
2025-08,呼伦贝尔市,17.3,76.4,115.1,2.85,Open-Meteo Historical Weather API (ERA5)
2025-08,呼和浩特市,20.9,77.8,173.4,1.36,Open-Meteo Historical Weather API (ERA5)
2025-08,哈尔滨市,22.1,78.7,121.7,2.36,Open-Meteo Historical Weather API (ERA5)
2025-08,喀什市,26.8,30.5,3.4,2.09,Open-Meteo Historical Weather API (ERA5)
2025-08,大连市,26.1,84.2,239.3,2.62,Open-Meteo Historical Weather API (ERA5)
2025-08,天津市,27.0,79.9,327.1,1.62,Open-Meteo Historical Weather API (ERA5)
2025-08,太原市,24.1,71.8,140.2,1.67,Open-Meteo Historical Weather API (ERA5)
2025-08,宁波市,31.3,69.8,36.6,2.72,Open-Meteo Historical Weather API (ERA5)
2025-08,宜昌市,28.8,83.1,358.5,1.11,Open-Meteo Historical Weather API (ERA5)
2025-08,广州市,27.8,83.9,367.6,2.04,Open-Meteo Historical Weather API (ERA5)
2025-08,康定市,16.7,88.5,162.6,0.93,Open-Meteo Historical Weather API (ERA5)
2025-08,成都市,27.2,79.4,311.9,1.54,Open-Meteo Historical Weather API (ERA5)
2025-08,拉萨市,16.0,64.7,149.5,1.13,Open-Meteo Historical Weather API (ERA5)
2025-08,攀枝花市,24.5,79.2,217.8,0.82,Open-Meteo Historical Weather API (ERA5)
2025-08,昆明市,18.9,83.8,317.4,1.59,Open-Meteo Historical Weather API (ERA5)
2025-08,景洪市,25.5,89.1,322.1,1.06,Open-Meteo Historical Weather API (ERA5)
2025-08,杭州市,31.5,65.9,66.0,1.99,Open-Meteo Historical Weather API (ERA5)
2025-08,桂林市,28.0,79.2,354.5,1.5,Open-Meteo Historical Weather API (ERA5)
2025-08,武汉市,31.1,70.2,162.9,2.0,Open-Meteo Historical Weather API (ERA5)
2025-08,沈阳市,25.2,77.7,213.7,2.14,Open-Meteo Historical Weather API (ERA5)
2025-08,济南市,28.1,76.8,107.7,2.16,Open-Meteo Historical Weather API (ERA5)
2025-08,海口市,28.2,83.2,211.7,4.03,Open-Meteo Historical Weather API (ERA5)
2025-08,深圳市,27.3,85.6,312.9,2.6,Open-Meteo Historical Weather API (ERA5)
2025-08,漠河市,15.5,78.4,82.7,1.72,Open-Meteo Historical Weather API (ERA5)
2025-08,石家庄市,27.2,79.5,177.0,1.38,Open-Meteo Historical Weather API (ERA5)
2025-08,福州市,29.8,74.3,92.8,2.05,Open-Meteo Historical Weather API (ERA5)
2025-08,秦皇岛市,25.7,81.6,320.3,2.43,Open-Meteo Historical Weather API (ERA5)
2025-08,西宁市,17.1,77.6,152.2,1.62,Open-Meteo Historical Weather API (ERA5)
2025-08,西安市,29.4,61.2,52.4,2.19,Open-Meteo Historical Weather API (ERA5)
2025-08,贵阳市,22.4,81.7,138.1,3.0,Open-Meteo Historical Weather API (ERA5)
2025-08,郑州市,28.6,75.6,246.9,1.98,Open-Meteo Historical Weather API (ERA5)
2025-08,酒泉市,23.0,42.0,33.5,2.41,Open-Meteo Historical Weather API (ERA5)
2025-08,重庆市,31.2,63.2,183.0,1.73,Open-Meteo Historical Weather API (ERA5)
2025-08,银川市,23.0,68.9,82.4,1.85,Open-Meteo Historical Weather API (ERA5)
2025-08,长春市,22.7,79.8,108.8,2.18,Open-Meteo Historical Weather API (ERA5)
2025-08,长沙市,31.8,62.5,57.7,2.39,Open-Meteo Historical Weather API (ERA5)
2025-08,阿勒泰市,19.1,43.8,43.7,2.11,Open-Meteo Historical Weather API (ERA5)
2025-08,青岛市,28.5,80.8,139.0,3.04,Open-Meteo Historical Weather API (ERA5)
2025-09,三亚市,27.3,86.4,285.2,3.13,Open-Meteo Historical Weather API (ERA5)
2025-09,上海市,27.8,79.1,153.6,1.82,Open-Meteo Historical Weather API (ERA5)
2025-09,丽江市,15.6,84.6,288.4,1.19,Open-Meteo Historical Weather API (ERA5)
2025-09,乌鲁木齐市,17.2,48.0,26.0,2.37,Open-Meteo Historical Weather API (ERA5)
2025-09,兰州市,17.8,69.6,71.9,1.21,Open-Meteo Historical Weather API (ERA5)
2025-09,北京市,23.4,62.5,19.8,1.66,Open-Meteo Historical Weather API (ERA5)
2025-09,南京市,25.6,83.6,294.7,2.15,Open-Meteo Historical Weather API (ERA5)
2025-09,南宁市,27.6,81.2,196.6,2.56,Open-Meteo Historical Weather API (ERA5)
2025-09,南昌市,28.9,75.6,71.2,2.45,Open-Meteo Historical Weather API (ERA5)
2025-09,厦门市,28.6,79.6,194.6,2.44,Open-Meteo Historical Weather API (ERA5)
2025-09,合肥市,25.4,83.9,131.2,2.18,Open-Meteo Historical Weather API (ERA5)
2025-09,吐鲁番市,25.9,24.7,3.9,1.92,Open-Meteo Historical Weather API (ERA5)
2025-09,呼伦贝尔市,12.9,70.3,85.1,3.48,Open-Meteo Historical Weather API (ERA5)
2025-09,呼和浩特市,15.9,67.6,34.8,1.47,Open-Meteo Historical Weather API (ERA5)
2025-09,哈尔滨市,18.3,69.2,38.7,3.1,Open-Meteo Historical Weather API (ERA5)
2025-09,喀什市,22.5,24.1,2.4,1.96,Open-Meteo Historical Weather API (ERA5)
2025-09,大连市,22.7,76.5,72.7,2.62,Open-Meteo Historical Weather API (ERA5)
2025-09,天津市,23.6,66.4,17.7,1.75,Open-Meteo Historical Weather API (ERA5)
2025-09,太原市,18.4,73.3,45.7,1.51,Open-Meteo Historical Weather API (ERA5)
2025-09,宁波市,29.0,75.1,126.2,2.16,Open-Meteo Historical Weather API (ERA5)
2025-09,宜昌市,24.1,83.5,287.3,1.03,Open-Meteo Historical Weather API (ERA5)
2025-09,广州市,28.3,78.4,281.0,2.34,Open-Meteo Historical Weather API (ERA5)
2025-09,康定市,15.0,88.8,174.3,0.99,Open-Meteo Historical Weather API (ERA5)
2025-09,成都市,23.5,82.8,145.6,1.53,Open-Meteo Historical Weather API (ERA5)
2025-09,拉萨市,13.5,67.5,124.7,1.07,Open-Meteo Historical Weather API (ERA5)
2025-09,攀枝花市,23.4,80.7,358.6,0.76,Open-Meteo Historical Weather API (ERA5)
2025-09,昆明市,18.4,83.1,269.3,1.76,Open-Meteo Historical Weather API (ERA5)
2025-09,景洪市,25.6,87.3,282.1,0.9,Open-Meteo Historical Weather API (ERA5)
2025-09,杭州市,27.8,80.4,233.3,1.58,Open-Meteo Historical Weather API (ERA5)
2025-09,桂林市,27.3,75.6,124.8,2.33,Open-Meteo Historical Weather API (ERA5)
2025-09,武汉市,25.6,83.6,151.4,2.03,Open-Meteo Historical Weather API (ERA5)
2025-09,沈阳市,20.8,74.4,103.4,1.94,Open-Meteo Historical Weather API (ERA5)
2025-09,济南市,22.2,75.3,126.1,1.88,Open-Meteo Historical Weather API (ERA5)
2025-09,海口市,27.3,86.7,306.6,3.51,Open-Meteo Historical Weather API (ERA5)
2025-09,深圳市,27.4,82.8,326.9,2.79,Open-Meteo Historical Weather API (ERA5)
2025-09,漠河市,11.4,73.3,97.0,2.24,Open-Meteo Historical Weather API (ERA5)
2025-09,石家庄市,22.9,69.0,27.6,1.57,Open-Meteo Historical Weather API (ERA5)
2025-09,福州市,29.1,77.1,154.1,1.93,Open-Meteo Historical Weather API (ERA5)
2025-09,秦皇岛市,22.1,71.6,27.3,2.33,Open-Meteo Historical Weather API (ERA5)
2025-09,西宁市,14.0,74.1,69.8,1.9,Open-Meteo Historical Weather API (ERA5)
2025-09,西安市,20.1,84.3,206.2,1.97,Open-Meteo Historical Weather API (ERA5)
2025-09,贵阳市,21.1,83.1,148.9,3.43,Open-Meteo Historical Weather API (ERA5)
2025-09,郑州市,21.1,81.9,366.2,1.85,Open-Meteo Historical Weather API (ERA5)
2025-09,酒泉市,17.7,35.8,2.1,2.17,Open-Meteo Historical Weather API (ERA5)
2025-09,重庆市,26.3,79.8,172.8,1.37,Open-Meteo Historical Weather API (ERA5)
2025-09,银川市,18.9,61.5,35.0,1.79,Open-Meteo Historical Weather API (ERA5)
2025-09,长春市,19.0,69.4,35.6,2.52,Open-Meteo Historical Weather API (ERA5)
2025-09,长沙市,27.4,76.5,77.4,2.44,Open-Meteo Historical Weather API (ERA5)
2025-09,阿勒泰市,12.5,61.1,97.7,1.79,Open-Meteo Historical Weather API (ERA5)
2025-09,青岛市,23.1,80.4,240.2,2.65,Open-Meteo Historical Weather API (ERA5)
2025-10,三亚市,26.2,82.6,283.9,4.06,Open-Meteo Historical Weather API (ERA5)
2025-10,上海市,22.6,72.8,41.0,2.52,Open-Meteo Historical Weather API (ERA5)
2025-10,丽江市,13.5,79.8,85.4,1.61,Open-Meteo Historical Weather API (ERA5)
2025-10,乌鲁木齐市,7.2,59.7,26.8,1.58,Open-Meteo Historical Weather API (ERA5)
2025-10,兰州市,10.5,73.9,74.0,1.07,Open-Meteo Historical Weather API (ERA5)
2025-10,北京市,12.7,71.1,90.1,1.48,Open-Meteo Historical Weather API (ERA5)
2025-10,南京市,19.6,80.9,68.2,2.55,Open-Meteo Historical Weather API (ERA5)
2025-10,南宁市,24.2,78.4,181.9,2.5,Open-Meteo Historical Weather API (ERA5)
2025-10,南昌市,23.2,73.7,17.0,3.26,Open-Meteo Historical Weather API (ERA5)
2025-10,厦门市,27.7,64.6,21.5,3.38,Open-Meteo Historical Weather API (ERA5)
2025-10,合肥市,19.1,81.0,69.7,2.5,Open-Meteo Historical Weather API (ERA5)
2025-10,吐鲁番市,16.0,29.2,0.9,1.48,Open-Meteo Historical Weather API (ERA5)
2025-10,呼伦贝尔市,-0.3,57.7,26.7,3.36,Open-Meteo Historical Weather API (ERA5)
2025-10,呼和浩特市,7.9,68.5,41.4,1.42,Open-Meteo Historical Weather API (ERA5)
2025-10,哈尔滨市,5.3,62.0,12.6,2.72,Open-Meteo Historical Weather API (ERA5)
2025-10,喀什市,14.3,33.8,1.5,1.56,Open-Meteo Historical Weather API (ERA5)
2025-10,大连市,13.7,71.2,72.4,3.37,Open-Meteo Historical Weather API (ERA5)
2025-10,天津市,12.9,72.8,124.1,1.85,Open-Meteo Historical Weather API (ERA5)
2025-10,太原市,11.0,79.4,157.5,1.45,Open-Meteo Historical Weather API (ERA5)
2025-10,宁波市,24.0,73.1,64.7,2.87,Open-Meteo Historical Weather API (ERA5)
2025-10,宜昌市,18.5,82.5,97.0,1.04,Open-Meteo Historical Weather API (ERA5)
2025-10,广州市,26.3,68.6,48.0,2.53,Open-Meteo Historical Weather API (ERA5)
2025-10,康定市,10.6,89.9,167.7,0.98,Open-Meteo Historical Weather API (ERA5)
2025-10,成都市,18.9,83.4,57.7,1.71,Open-Meteo Historical Weather API (ERA5)
2025-10,拉萨市,10.8,43.4,15.2,1.4,Open-Meteo Historical Weather API (ERA5)
2025-10,攀枝花市,21.2,78.3,270.4,0.84,Open-Meteo Historical Weather API (ERA5)
2025-10,昆明市,16.2,84.1,150.7,1.85,Open-Meteo Historical Weather API (ERA5)
2025-10,景洪市,24.1,85.1,149.7,0.72,Open-Meteo Historical Weather API (ERA5)
2025-10,杭州市,22.7,74.2,81.8,2.4,Open-Meteo Historical Weather API (ERA5)
2025-10,桂林市,23.6,66.1,50.8,2.86,Open-Meteo Historical Weather API (ERA5)
2025-10,武汉市,19.4,82.0,116.7,2.22,Open-Meteo Historical Weather API (ERA5)
2025-10,沈阳市,9.7,63.2,6.0,2.24,Open-Meteo Historical Weather API (ERA5)
2025-10,济南市,14.1,80.5,171.2,2.54,Open-Meteo Historical Weather API (ERA5)
2025-10,海口市,26.0,82.8,341.1,4.88,Open-Meteo Historical Weather API (ERA5)
2025-10,深圳市,25.6,75.5,60.4,2.8,Open-Meteo Historical Weather API (ERA5)
2025-10,漠河市,-3.4,64.0,39.4,2.21,Open-Meteo Historical Weather API (ERA5)
2025-10,石家庄市,13.4,78.1,148.3,1.38,Open-Meteo Historical Weather API (ERA5)
2025-10,福州市,26.2,70.1,52.9,2.03,Open-Meteo Historical Weather API (ERA5)
2025-10,秦皇岛市,11.8,62.0,42.2,3.2,Open-Meteo Historical Weather API (ERA5)
2025-10,西宁市,7.3,76.4,69.6,1.91,Open-Meteo Historical Weather API (ERA5)
2025-10,西安市,14.6,85.2,136.2,1.9,Open-Meteo Historical Weather API (ERA5)
2025-10,贵阳市,16.6,81.7,79.0,3.77,Open-Meteo Historical Weather API (ERA5)
2025-10,郑州市,14.5,81.0,113.3,1.86,Open-Meteo Historical Weather API (ERA5)
2025-10,酒泉市,8.2,45.2,5.4,1.65,Open-Meteo Historical Weather API (ERA5)
2025-10,重庆市,21.4,81.3,176.1,1.4,Open-Meteo Historical Weather API (ERA5)
2025-10,银川市,10.2,71.6,18.0,1.9,Open-Meteo Historical Weather API (ERA5)
2025-10,长春市,6.8,61.4,12.2,2.43,Open-Meteo Historical Weather API (ERA5)
2025-10,长沙市,21.3,78.0,20.8,2.66,Open-Meteo Historical Weather API (ERA5)
2025-10,阿勒泰市,2.7,54.6,35.6,1.56,Open-Meteo Historical Weather API (ERA5)
2025-10,青岛市,16.6,75.4,102.9,3.75,Open-Meteo Historical Weather API (ERA5)
2025-11,三亚市,23.8,75.6,76.6,3.88,Open-Meteo Historical Weather API (ERA5)
2025-11,上海市,14.0,63.5,12.4,2.31,Open-Meteo Historical Weather API (ERA5)
2025-11,丽江市,8.6,76.1,57.0,1.56,Open-Meteo Historical Weather API (ERA5)
2025-11,乌鲁木齐市,-0.2,67.6,39.2,1.87,Open-Meteo Historical Weather API (ERA5)
2025-11,兰州市,3.3,61.7,7.8,1.0,Open-Meteo Historical Weather API (ERA5)
2025-11,北京市,7.0,48.2,7.2,1.96,Open-Meteo Historical Weather API (ERA5)
2025-11,南京市,12.1,70.0,20.4,2.34,Open-Meteo Historical Weather API (ERA5)
2025-11,南宁市,18.3,73.2,69.5,2.04,Open-Meteo Historical Weather API (ERA5)
2025-11,南昌市,14.7,70.8,45.2,2.38,Open-Meteo Historical Weather API (ERA5)
2025-11,厦门市,21.2,57.6,21.1,3.87,Open-Meteo Historical Weather API (ERA5)
2025-11,合肥市,12.4,69.8,30.4,2.31,Open-Meteo Historical Weather API (ERA5)
2025-11,吐鲁番市,5.3,40.8,1.7,1.03,Open-Meteo Historical Weather API (ERA5)
2025-11,呼伦贝尔市,-8.3,74.4,17.4,3.93,Open-Meteo Historical Weather API (ERA5)
2025-11,呼和浩特市,-0.6,55.4,14.2,1.68,Open-Meteo Historical Weather API (ERA5)
2025-11,哈尔滨市,-1.5,57.8,10.4,3.46,Open-Meteo Historical Weather API (ERA5)
2025-11,喀什市,4.4,31.3,0.2,1.14,Open-Meteo Historical Weather API (ERA5)
2025-11,大连市,9.4,58.7,4.0,3.66,Open-Meteo Historical Weather API (ERA5)
2025-11,天津市,7.9,50.6,3.3,2.15,Open-Meteo Historical Weather API (ERA5)
2025-11,太原市,4.6,55.8,14.8,1.91,Open-Meteo Historical Weather API (ERA5)
2025-11,宁波市,14.3,71.2,57.1,2.39,Open-Meteo Historical Weather API (ERA5)
2025-11,宜昌市,13.3,78.7,18.1,0.99,Open-Meteo Historical Weather API (ERA5)
2025-11,广州市,19.6,63.1,12.4,2.92,Open-Meteo Historical Weather API (ERA5)
2025-11,康定市,2.7,76.3,65.3,0.8,Open-Meteo Historical Weather API (ERA5)
2025-11,成都市,12.6,79.8,21.2,1.22,Open-Meteo Historical Weather API (ERA5)
2025-11,拉萨市,5.4,36.0,3.1,1.26,Open-Meteo Historical Weather API (ERA5)
2025-11,攀枝花市,15.6,73.0,137.8,0.81,Open-Meteo Historical Weather API (ERA5)
2025-11,昆明市,11.0,79.6,109.5,1.68,Open-Meteo Historical Weather API (ERA5)
2025-11,景洪市,20.2,84.6,166.8,0.73,Open-Meteo Historical Weather API (ERA5)
2025-11,杭州市,13.2,70.7,40.5,2.02,Open-Meteo Historical Weather API (ERA5)
2025-11,桂林市,16.1,61.5,68.6,3.15,Open-Meteo Historical Weather API (ERA5)
2025-11,武汉市,13.6,73.4,48.4,1.77,Open-Meteo Historical Weather API (ERA5)
2025-11,沈阳市,4.0,52.5,9.3,2.89,Open-Meteo Historical Weather API (ERA5)
2025-11,济南市,10.4,48.8,6.6,3.05,Open-Meteo Historical Weather API (ERA5)
2025-11,海口市,22.6,73.8,74.9,5.19,Open-Meteo Historical Weather API (ERA5)
2025-11,深圳市,20.8,59.6,7.9,3.11,Open-Meteo Historical Weather API (ERA5)
2025-11,漠河市,-14.1,76.8,23.7,1.59,Open-Meteo Historical Weather API (ERA5)
2025-11,石家庄市,9.3,49.5,14.1,2.3,Open-Meteo Historical Weather API (ERA5)
2025-11,福州市,18.5,69.2,41.8,1.95,Open-Meteo Historical Weather API (ERA5)
2025-11,秦皇岛市,6.4,47.5,4.0,2.99,Open-Meteo Historical Weather API (ERA5)
2025-11,西宁市,0.5,56.8,9.1,1.72,Open-Meteo Historical Weather API (ERA5)
2025-11,西安市,9.3,66.4,11.0,1.92,Open-Meteo Historical Weather API (ERA5)
2025-11,贵阳市,10.0,76.1,79.0,2.81,Open-Meteo Historical Weather API (ERA5)
2025-11,郑州市,11.5,54.4,21.7,2.93,Open-Meteo Historical Weather API (ERA5)
2025-11,酒泉市,1.1,33.7,1.5,1.84,Open-Meteo Historical Weather API (ERA5)
2025-11,重庆市,13.9,85.6,77.6,1.09,Open-Meteo Historical Weather API (ERA5)
2025-11,银川市,2.9,50.1,5.4,2.37,Open-Meteo Historical Weather API (ERA5)
2025-11,长春市,0.3,54.9,10.4,3.15,Open-Meteo Historical Weather API (ERA5)
2025-11,长沙市,14.3,72.3,68.2,2.16,Open-Meteo Historical Weather API (ERA5)
2025-11,阿勒泰市,-4.4,59.4,29.2,1.05,Open-Meteo Historical Weather API (ERA5)
2025-11,青岛市,11.2,61.3,6.8,3.3,Open-Meteo Historical Weather API (ERA5)
2025-12,三亚市,23.1,74.1,9.7,4.17,Open-Meteo Historical Weather API (ERA5)
2025-12,上海市,9.7,65.3,6.6,2.51,Open-Meteo Historical Weather API (ERA5)
2025-12,丽江市,5.7,60.9,0.8,1.94,Open-Meteo Historical Weather API (ERA5)
2025-12,乌鲁木齐市,-8.1,79.6,22.4,1.57,Open-Meteo Historical Weather API (ERA5)
2025-12,兰州市,-1.7,49.6,1.3,0.81,Open-Meteo Historical Weather API (ERA5)
2025-12,北京市,-0.8,43.0,3.8,1.93,Open-Meteo Historical Weather API (ERA5)
2025-12,南京市,7.4,69.3,9.3,2.59,Open-Meteo Historical Weather API (ERA5)
2025-12,南宁市,17.3,75.9,71.8,1.88,Open-Meteo Historical Weather API (ERA5)
2025-12,南昌市,11.4,67.3,24.3,2.64,Open-Meteo Historical Weather API (ERA5)
2025-12,厦门市,17.5,66.1,27.4,3.11,Open-Meteo Historical Weather API (ERA5)
2025-12,合肥市,7.9,68.4,15.9,2.52,Open-Meteo Historical Weather API (ERA5)
2025-12,吐鲁番市,-3.1,60.9,2.7,0.9,Open-Meteo Historical Weather API (ERA5)
2025-12,呼伦贝尔市,-22.9,76.1,6.7,3.29,Open-Meteo Historical Weather API (ERA5)
2025-12,呼和浩特市,-7.9,53.6,5.4,1.3,Open-Meteo Historical Weather API (ERA5)
2025-12,哈尔滨市,-13.3,61.2,9.0,3.09,Open-Meteo Historical Weather API (ERA5)
2025-12,喀什市,-1.6,53.4,6.6,0.93,Open-Meteo Historical Weather API (ERA5)
2025-12,大连市,1.1,56.1,13.1,3.78,Open-Meteo Historical Weather API (ERA5)
2025-12,天津市,0.3,47.1,2.8,1.92,Open-Meteo Historical Weather API (ERA5)
2025-12,太原市,-0.7,47.8,5.7,1.84,Open-Meteo Historical Weather API (ERA5)
2025-12,宁波市,10.8,69.2,10.2,2.53,Open-Meteo Historical Weather API (ERA5)
2025-12,宜昌市,9.0,77.3,32.5,0.97,Open-Meteo Historical Weather API (ERA5)
2025-12,广州市,17.8,71.3,21.9,1.99,Open-Meteo Historical Weather API (ERA5)
2025-12,康定市,2.5,64.1,14.2,0.84,Open-Meteo Historical Weather API (ERA5)
2025-12,成都市,9.3,78.4,8.4,1.21,Open-Meteo Historical Weather API (ERA5)
2025-12,拉萨市,3.4,22.7,0.0,1.07,Open-Meteo Historical Weather API (ERA5)
2025-12,攀枝花市,12.6,68.2,0.0,0.82,Open-Meteo Historical Weather API (ERA5)
2025-12,昆明市,9.3,72.7,8.4,1.72,Open-Meteo Historical Weather API (ERA5)
2025-12,景洪市,17.9,83.0,3.9,0.66,Open-Meteo Historical Weather API (ERA5)
2025-12,杭州市,9.4,66.0,18.2,2.07,Open-Meteo Historical Weather API (ERA5)
2025-12,桂林市,13.9,65.8,79.0,2.4,Open-Meteo Historical Weather API (ERA5)
2025-12,武汉市,9.4,70.3,31.3,2.13,Open-Meteo Historical Weather API (ERA5)
2025-12,沈阳市,-6.1,49.9,13.7,2.57,Open-Meteo Historical Weather API (ERA5)
2025-12,济南市,3.3,52.9,11.3,3.04,Open-Meteo Historical Weather API (ERA5)
2025-12,海口市,21.3,79.6,21.9,4.57,Open-Meteo Historical Weather API (ERA5)
2025-12,深圳市,18.9,69.5,20.1,2.42,Open-Meteo Historical Weather API (ERA5)
2025-12,漠河市,-26.0,71.5,13.3,1.69,Open-Meteo Historical Weather API (ERA5)
2025-12,石家庄市,1.1,50.7,6.3,1.43,Open-Meteo Historical Weather API (ERA5)
2025-12,福州市,15.4,69.7,19.0,1.74,Open-Meteo Historical Weather API (ERA5)
2025-12,秦皇岛市,-1.3,42.9,3.0,2.9,Open-Meteo Historical Weather API (ERA5)
2025-12,西宁市,-3.2,44.5,4.0,1.62,Open-Meteo Historical Weather API (ERA5)
2025-12,西安市,3.5,68.9,13.1,1.65,Open-Meteo Historical Weather API (ERA5)
2025-12,贵阳市,7.7,83.5,62.2,2.81,Open-Meteo Historical Weather API (ERA5)
2025-12,郑州市,5.3,52.9,14.2,2.32,Open-Meteo Historical Weather API (ERA5)
2025-12,酒泉市,-4.3,50.2,7.8,1.45,Open-Meteo Historical Weather API (ERA5)
2025-12,重庆市,11.1,85.9,44.9,1.08,Open-Meteo Historical Weather API (ERA5)
2025-12,银川市,-3.2,48.3,1.3,2.01,Open-Meteo Historical Weather API (ERA5)
2025-12,长春市,-10.1,51.1,7.1,3.06,Open-Meteo Historical Weather API (ERA5)
2025-12,长沙市,11.4,66.6,44.1,2.37,Open-Meteo Historical Weather API (ERA5)
2025-12,阿勒泰市,-9.9,64.9,35.8,0.55,Open-Meteo Historical Weather API (ERA5)
2025-12,青岛市,4.6,60.5,17.2,3.66,Open-Meteo Historical Weather API (ERA5)
