title,content_type,category,publish_date,summary,source,source_url,security_level,data_source
å½å¡é¢å ³äºãä¸­å»è¯æ¯å ´åå±âåäºäºâè§åãçæ¹å¤,policy,政策资讯,,åååæãä¸­å»è¯æ¯å ´åå±âåäºäºâè§åãï¼è¯·è®¤çç»ç»å®æ½ã,中国政府网,https://www.gov.cn/zhengce/content/202607/content_7074930.htm,公开,crawler
å½å¡é¢å ³äºå°åãâåäºäºâç¢³è¾¾å³°è¡å¨æ¹æ¡ãçéç¥,policy,政策资讯,,ç°å°ãâåäºäºâç¢³è¾¾å³°è¡å¨æ¹æ¡ãå°åç»ä½ ä»¬ï¼è¯·è®¤çè´¯å½»æ§è¡ã,中国政府网,https://www.gov.cn/zhengce/content/202607/content_7074826.htm,公开,crawler
ä¸­åãå½åå°åãå ³äºå ¨ååå¥½é²æ±ææ±å·¥ä½çéç¥ã,policy,政策资讯,2026-07-09,è¿æ¥ï¼ä¸­å ±ä¸­å¤®åå ¬å ãå½å¡é¢åå ¬å å°åãå ³äºå ¨ååå¥½é²æ±ææ±å·¥ä½çéç¥ãï¼å¯¹å ¨ååå¥½é²æ±ææ±ãæ¢é©æç¾åé¡¹å·¥ä½ä½åºé¨ç½²ã,中国政府网,https://www.gov.cn/zhengce/202607/content_7074818.htm,公开,crawler
ä¸­å ±ä¸­å¤® å½å¡é¢å ³äº2025å¹´åº¦å½å®¶ç§å­¦ææ¯å¥å±çå³å®,policy,政策资讯,2026-07-08,ä¸­å½å¼ç°ä»£åè¦é ç§æç°ä»£åä½æ¯æãå çåå «å¤§ä»¥æ¥ï¼ä»¥ä¹ è¿å¹³åå¿ä¸ºæ ¸å¿çå ä¸­å¤®åææç§æåæ°æå¨å½å®¶åå±å ¨å±çæ ¸å¿ä½ç½®ï¼å ¨é¢æ¨è¿ç§æå¼ºå…,中国政府网,https://www.gov.cn/zhengce/202607/content_7074703.htm,公开,crawler
å½å¡é¢å ³äºãç¾ç é¢é²æ§å¶âåäºäºâè§åãçæ¹å¤,policy,政策资讯,,åååæãç¾ç é¢é²æ§å¶âåäºäºâè§åãï¼è¯·è®¤çç»ç»å®æ½ã,中国政府网,https://www.gov.cn/zhengce/content/202607/content_7074674.htm,公开,crawler
å½å¡é¢å ³äºãæ æ¸¸å¼ºå½å»ºè®¾âåäºäºâè§åãçæ¹å¤,policy,政策资讯,,åååæãæ æ¸¸å¼ºå½å»ºè®¾âåäºäºâè§åãï¼è¯·è®¤çç»ç»å®æ½ã,中国政府网,https://www.gov.cn/zhengce/content/202607/content_7074516.htm,公开,crawler
å½å¡é¢å ³äºå°åãç¾ä¸½ä¸­å½å»ºè®¾âåäºäºâè§åãçéç¥,policy,政策资讯,,ç°å°ãç¾ä¸½ä¸­å½å»ºè®¾âåäºäºâè§åãå°åç»ä½ ä»¬ï¼è¯·è®¤çè´¯å½»æ§è¡ã,中国政府网,https://www.gov.cn/zhengce/content/202607/content_7074199.htm,公开,crawler
å½å¡é¢å ³äºãæ®ç¾äººä¿éååå±âåäºäºâè§åãçæ¹å¤,policy,政策资讯,,åååæãæ®ç¾äººä¿éååå±âåäºäºâè§åãï¼è¯·è®¤çç»ç»å®æ½ã,中国政府网,https://www.gov.cn/zhengce/content/202607/content_7074095.htm,公开,crawler
æ¸©ååå æ»ä½å¹³ç¨³ââéè§ä¸åå¹´æå½ç©ä»·æ°æ®,policy,政策资讯,2026-07-09,ä¸åå¹´ï¼å ¨å½å± æ°æ¶è´¹ä»·æ ¼ææ°ï¼CPIï¼åæ¯ä¸æ¶¨1.0%ï¼æ£é¤é£ååè½æºä»·æ ¼çæ ¸å¿CPIåæ¯ä¸æ¶¨1.2%ï¼å·¥ä¸çäº§è åºåä»·æ ¼ææ°ï¼PPIï¼æ¯ä¸å¹´åæä¸æ¶¨1.5%ã,中国政府网,https://www.gov.cn/zhengce/202607/content_7074839.htm,公开,crawler
å»ºè®¾ç§æå¼ºå½ æ¯æé«è´¨éåå±ââè®¿ç§æé¨å ç»ä¹¦è®°ãé¨é¿é´åä¿,policy,政策资讯,2026-07-06,å¨å ä¸­å¤®åå¼ºé¢å¯¼ä¸ï¼å ¨å½ç§æå·¥ä½âä¸çæ£âæ ¼å±åºæ¬å½¢æï¼ç§æåæ°åå¾åå²æ§æå°±ï¼ä¸ºå®ç°é«è´¨éåå±åä¿éé«æ°´å¹³å®å ¨æä¾æåç§ææ¯æã,中国政府网,https://www.gov.cn/zhengce/202607/content_7074413.htm,公开,crawler
çæç¯å¢é¨è´è´£åå¿å°±ãç¾ä¸½ä¸­å½å»ºè®¾ âåäºäºâè§åãç­è®°è é®,policy,政策资讯,2026-07-04,æ¥åï¼å½å¡é¢å°åãç¾ä¸½ä¸­å½å»ºè®¾âåäºäºâè§åããçæç¯å¢é¨è´è´£åå¿å°±ãè§åãç¸å ³æ åµï¼åç­äºè®°è æé®ã,中国政府网,https://www.gov.cn/zhengce/202607/content_7074279.htm,公开,crawler
å½å®¶åå±æ¹é©å§æå ³è´è´£åå¿å°±ãå¾ªç¯ç»æµåå±âåäºäºâè§åãç­è®°è é®,policy,政策资讯,2026-07-03,2026å¹´6æ30æ¥ï¼ç»å½å¡é¢åæï¼å½å®¶åå±æ¹é©å§å°åäºãå¾ªç¯ç»æµåå±âåäºäºâè§åããæ¥åï¼å½å®¶åå±æ¹é©å§æå ³è´è´£åå¿å°±ãè§åãæå ³æ åµåç­ä…,中国政府网,https://www.gov.cn/zhengce/202607/content_7074216.htm,公开,crawler
æ¯æä¼ä¸ç¨³å²æ©å² æ¿ç­âä¸¤å»¶ç»­ä¸ä¼åâ,policy,政策资讯,2026-07-03,ãéç¥ãæç¡®å»¶ç»­å®æ½ç¨³å²è¿è¿æ¿ç­ï¼å»¶ç»­å®æ½æ©å²è¡¥å©æ¿ç­ï¼ä¼åæè½æåè¡¥è´´æ¿ç­ï¼æ¯æä¼ä¸ç¨³å²æ©å²ï¼å©åå³å¨è æåèä¸æè½ã,中国政府网,https://www.gov.cn/zhengce/202607/content_7074157.htm,公开,crawler
äººç¤¾é¨å¤±ä¸ä¿é©å¸è´è´£äººè§£è¯»ãå ³äºå¤±ä¸ä¿é©æ¯æä¼ä¸ç¨³å²æ©å²çéç¥ã,policy,政策资讯,2026-07-02,è¿æ¥ï¼äººåèµæºç¤¾ä¼ä¿éé¨ãæè²é¨ãè´¢æ¿é¨ãå½å®¶ç¨å¡æ»å±èåå°åãå ³äºå¤±ä¸ä¿é©æ¯æä¼ä¸ç¨³å²æ©å²çéç¥ãã,中国政府网,https://www.gov.cn/zhengce/202607/content_7074133.htm,公开,crawler
å¾è¡¨ï¼2026å¹´ä¸åå¹´3.69äº¿äººæ¬¡åºå ¥å¢ ååå²æ°é«,policy,政策资讯,2026-07-10,âåºå ¥å¢äººæ°ååå²æ°é«ãå¤å½äººå ¥å¢æ¸¸æç»­ç«çãåºå ¥å¢æ¿å¡æå¡æ´ä¾¿å©è´´å¿â¦â¦7æ10æ¥ï¼å½å®¶ç§»æ°ç®¡çå±éæ¥2026å¹´ä¸åå¹´ç§»æ°ç®¡çå·¥ä½ä¸»è¦æ°æ®åæ…,中国政府网,https://www.gov.cn/zhengce/jiedu/tujie/202607/content_7075017.htm,公开,crawler
å¾è¡¨ï¼å ¨å½å¤ç²®äº§éé¦æ¬¡çªç ´3000äº¿æ¤,policy,政策资讯,2026-07-10,å½å®¶ç»è®¡å±7æ10æ¥åå¸æ°æ®æ¾ç¤ºï¼2026å¹´å ¨å½å¤ç²®äº§é3014.9äº¿æ¤ï¼é¦æ¬¡çªç ´3000äº¿æ¤ï¼æ¯ä¸å¹´å¢å 20.0äº¿æ¤ï¼å¢é¿0.7%ã,中国政府网,https://www.gov.cn/zhengce/jiedu/tujie/202607/content_7074949.htm,公开,crawler
å¾è¡¨ï¼2026å¹´6æä»½ä¸­å½ç©æµä¸æ¯æ°ææ°ä¸º50.6%,policy,政策资讯,2026-07-08,ä¸­å½ç©æµä¸éè´­èåä¼æ¥ååå¸æ°æ®æ¾ç¤ºï¼6æä»½ä¸­å½ç©æµä¸æ¯æ°ææ°ä¸º50.6%ï¼è¾ä¸æåå0.3ä¸ªç¾åç¹ã,中国政府网,https://www.gov.cn/zhengce/jiedu/tujie/202607/content_7074573.htm,公开,crawler
å¾è¡¨ï¼2026å¹´6ææ«æå½å¤æ±å¨å¤è§æ¨¡ä¸º34163äº¿ç¾å ,policy,政策资讯,2026-07-07,å½å®¶å¤æ±ç®¡çå±7æ7æ¥åå¸æ°æ®æ¾ç¤ºï¼æªè³2026å¹´6ææ«ï¼æå½å¤æ±å¨å¤è§æ¨¡ä¸º34163äº¿ç¾å ï¼è¾5ææ«ä¸é260äº¿ç¾å ï¼éå¹ ä¸º0.75%ã,中国政府网,https://www.gov.cn/zhengce/jiedu/tujie/202607/content_7074557.htm,公开,crawler
å¾è¡¨ï¼ä¸¤é¨é¨ç´§æ¥é¢æ¨1.6äº¿å ä¸­å¤®èªç¶ç¾å®³æç¾èµé,policy,政策资讯,2026-07-06,â7æ6æ¥ï¼è´¢æ¿é¨ãåºæ¥ç®¡çé¨ç´§æ¥é¢æ¨1.6äº¿å ä¸­å¤®èªç¶ç¾å®³æç¾èµéï¼æ¯æå¹¿è¥¿ãæ¹åãè¾½å®ãåæãå®å¾½ãå±±ä¸6çï¼åºï¼å¼å±æ´ªæ¶ãå°è´¨ç¾å®³æ¢é©æ…,中国政府网,https://www.gov.cn/zhengce/jiedu/tujie/202607/content_7074442.htm,公开,crawler
å½å¡é¢é¨é¨ç½ç«,policy,政策资讯,,,中国政府网,https://www.gov.cn/home/2023-03/29/content_5748953.htm,公开,crawler
å°æ¹æ¿åºç½ç«,policy,政策资讯,,,中国政府网,https://www.gov.cn/home/2023-03/29/content_5748954.htm,公开,crawler
é©»æ¸¯æ¾³æºæç½ç«,policy,政策资讯,,,中国政府网,https://www.gov.cn/home/2023-03/29/content_5748955.htm,公开,crawler
é©»å¤æºæ,policy,政策资讯,,,中国政府网,https://www.gov.cn/home/2023-03/29/content_5748956.htm,公开,crawler
å ³äºæ¬ç½,policy,政策资讯,,,中国政府网,https://www.gov.cn/home/2016-05/11/content_5046257.htm,公开,crawler
ç½ç«å£°æ,policy,政策资讯,,æ¬ç½ç«å å®¹ç±ä¸­å¤®åå°æ¹åçº§æ¿åºãæ¿åºç½ç«ä»¥åç¸å ³åä½æä¾ãä»»ä½åªä½ãäºèç½ç«ååä¸æºæä¸å¾å©ç¨æ¬ç½ç«åå¸çå å®¹è¿è¡åä¸æ§çåçåå¼å°è½…,中国政府网,https://www.gov.cn/home/2014-02/23/content_5046258.htm,公开,crawler
èç³»æä»¬,policy,政策资讯,,,中国政府网,https://www.gov.cn/home/2014-02/23/content_5046259.htm,公开,crawler
ä¸­å½æ¿åºç½å¾®åãå¾®ä¿¡,policy,政策资讯,2014-02-18,,中国政府网,https://www.gov.cn/home/2014-02/18/content_5046260.htm,公开,crawler
病毒病预防控制所开展树立和践行正确政绩观专题党...,knowledge,健康知识,,,中国疾病预防控制中心,https://ivdc.chinacdc.cn/xwdt/202606/t20260626_1837474.htm,公开,crawler
病毒病所徐柯研究员随国家首批专家组赴刚果（金）...,knowledge,健康知识,,,中国疾病预防控制中心,https://ivdc.chinacdc.cn/xwdt/202606/t20260605_1836531.htm,公开,crawler
病毒病预防控制所团总支开展“与信仰对话”主题团...,knowledge,健康知识,,,中国疾病预防控制中心,https://ivdc.chinacdc.cn/xwdt/202605/t20260530_1836186.htm,公开,crawler
病毒病预防控制所党委举办树立和践行正确政绩观学...,knowledge,健康知识,,,中国疾病预防控制中心,https://ivdc.chinacdc.cn/xwdt/202605/t20260529_1836144.htm,公开,crawler
韩俊所长深入现场调研推进南区实验楼抗震加固工程,knowledge,健康知识,,,中国疾病预防控制中心,https://ivdc.chinacdc.cn/xwdt/202605/t20260526_1836060.htm,公开,crawler
病毒病预防控制所党委举办树立和践行正确政绩观学...,knowledge,健康知识,,,中国疾病预防控制中心,https://ivdc.chinacdc.cn/xwdt/202605/t20260519_1835907.htm,公开,crawler
追寻红色足迹 传承先驱精神——病毒病所第九党支部...,knowledge,健康知识,,,中国疾病预防控制中心,https://ivdc.chinacdc.cn/xwdt/202605/t20260519_1835902.htm,公开,crawler
病毒病所第八党支部赴中法大学旧址开展主题党日活动,knowledge,健康知识,,,中国疾病预防控制中心,https://ivdc.chinacdc.cn/xwdt/202604/t20260428_1835369.htm,公开,crawler
病毒病所图片一览,knowledge,健康知识,,,中国疾病预防控制中心,http://ivdc.chinacdc.cn/zxhd/,公开,crawler
标准与规范《病毒性脑（膜）炎病原体诊...,knowledge,健康知识,,病毒性脑（膜）炎是常见的中枢神经系统感染性疾病，是病毒侵袭脑实质与脑膜导致的炎症性疾病。WHO统计数据显示，全球每年病毒性中枢神经系统感染的发病率约为 3.5/10 万~7.4/10 万，以此估算我国的病毒性脑（膜）炎病例年均在5万~10万例。以单纯疱疹病毒性脑炎为代表的疱疹病毒性脑炎仍是全球最常见的散发性脑炎，以流行性乙型脑炎为代表的虫媒病毒脑炎在我国某些地方仍有季节性流行；同时，新发、突发传染…,中国疾病预防控制中心,https://ivdc.chinacdc.cn/jbkz/fkdt/202306/t20230626_267132.htm,公开,crawler
病毒病所病毒性脑炎室举办全国虫媒病毒...,knowledge,健康知识,,2019年9月9日-11日，由中国疾病预防控制中心病毒病预防控制所主办，苏州市疾病预防控制中心、Biosafety and Health杂志协办的国家级继续教育培训项目—2019年全国虫媒病毒病监测技术培训班〔2019-12-07-248（国）〕在江苏省苏州市成功举办，来自全国31个省（自治区、直辖市）疾病预防控制中心的70多名业务骨干参加了本次培训。,中国疾病预防控制中心,https://ivdc.chinacdc.cn/jbkz/fkdt/202001/t20200126_211457.htm,公开,crawler
中塞固定P3实验室开展首次生物安全周活动,knowledge,健康知识,,为培育塞方员工生物安全文化、强化生物安全意识、规范实验操作规程，加强实验室生物安全管理工作。受病毒病预防控制所一年一度生物安全周活动启发，中塞固定P3实验室于2018年10月29号-11月2日开展了首次生物安全周培训活动。,中国疾病预防控制中心,https://ivdc.chinacdc.cn/jbkz/fkdt/201908/t20190814_204604.htm,公开,crawler
刚果民主共和国在北基伍省启动埃博拉疫...,knowledge,健康知识,,,中国疾病预防控制中心,https://ivdc.chinacdc.cn/jbkz/fkdt/201808/t20180824_189963.htm,公开,crawler
在刚果民主共和国北基伍省发现一组埃博...,knowledge,健康知识,,2018年8月1日，刚果民主共和国政府宣布，实验室初步结果显示北基伍省出现一组埃博拉病毒病例。在发表该通知一个多星期之前，该国卫生部曾宣布在距离北基伍约2500公里处的远西部地区赤道省发生的疫情结束。,中国疾病预防控制中心,https://ivdc.chinacdc.cn/jbkz/fkdt/201808/t20180824_189960.htm,公开,crawler
马达加斯加暴发鼠疫疫情,knowledge,健康知识,,,中国疾病预防控制中心,https://ivdc.chinacdc.cn/jbkz/fkdt/201711/t20171108_154779.htm,公开,crawler
2015年6月全国法定传染病疫情概况,knowledge,健康知识,,2015年6月（6月1日零时至6月30日24时），全国（不含港澳台，下同）共报告法定传染病821811例，死亡1487人。其中，甲类传染病霍乱报告发病3例，无死亡报告。乙类传染病中传染性非典型肺炎、脊髓灰质炎、人感染高致病性禽流感和白喉无发病、死亡病例报告，其他22种传染病共报告发病318705例，死亡1456人，报告发病数居前5位病种依次为病毒性肝炎、肺结核、梅毒、细菌性和阿米巴性痢疾、猩红热，…,中国疾病预防控制中心,https://ivdc.chinacdc.cn/jbkz/fkdt/201507/t20150731_117863.htm,公开,crawler
2015年世界肝炎日：预防肝炎，立刻行动,knowledge,健康知识,,在2015年7月28日世界肝炎日这一天，世卫组织和合作伙伴将敦促决策者、卫生工作者和公众立即行动起来，预防病毒感染和由肝炎造成的死亡。,中国疾病预防控制中心,https://ivdc.chinacdc.cn/jbkz/fkdt/201507/t20150731_117862.htm,公开,crawler
国家重点研发计划“重要病毒变异规律及...,knowledge,健康知识,,2025年6月20日，国家重点研发计划“重要病毒变异规律及预测预警研究”项目中期交流会在京召开。中国疾控中心董小平研究员、中国医学科学院病原生物研究所钱朝晖研究员、军事科学院军事医学研究院方立群研究员、北京大学病原生物学系游富平教授、中科院微生物所吴林寰研究员应邀出席，项目组课题负责人和骨干科研人员30余人参会。会议由项目负责人陈操研究员主持。,中国疾病预防控制中心,https://ivdc.chinacdc.cn/kjgz/kyjz/202506/t20250627_307992.htm,公开,crawler
国家重点研发计划“重要病毒变异规律及...,knowledge,健康知识,,2024年1月31日，国家重点研发计划“重要病毒变异规律及预测预警研究”项目启动会在京召开。国家卫生健康委医药卫生科技发展研究中心项目二处王敏副处长出席会议，中国疾控中心董小平研究员和彭志行教授、佑安医院吴昊主任、中科院微生物所齐建勋研究员和吴林寰研究员应邀参加会议，项目组课题（任务）负责人和骨干30余人参加会议。会议由项目负责人陈操研究员主持。,中国疾病预防控制中心,https://ivdc.chinacdc.cn/kjgz/kyjz/202402/t20240204_272604.htm,公开,crawler
病毒病所开展国家科技重大专项上海地区...,knowledge,健康知识,,为加强我所科研项目管理，更好的掌握项目实施成效及存在的问题，保障项目顺利实施并通过验收。2019年7月25日，在武桂珍书记的带领下，组织专家对我所承担的国家科技重大专项上海地区参与单位的任务实施进行了督查。,中国疾病预防控制中心,https://ivdc.chinacdc.cn/kjgz/kyjz/201908/t20190813_204569.htm,公开,crawler
病毒病所腹泻室揭示我国2016-2017年罕见...,knowledge,健康知识,,诺如病毒（Norovirus，NV）是导致全球急性非细菌性胃肠炎暴发的主要病原体之一，在全球范围内多次广泛流行，给人类社会造成了严重的疾病负担。在过去二十年间，诺如病毒暴发疫情主要由GII中第4基因型（GII.4）引起。此前，中国疾控中心病毒病所腹泻室在我国首次报道了一种以前较少发现的诺如病毒GII.P16-GII.2突然成为了我国2016-2017年胃肠炎暴发疫情中的主要致病病原。该项研究成果于…,中国疾病预防控制中心,https://ivdc.chinacdc.cn/kjgz/kyjz/201806/t20180605_172987.htm,公开,crawler
病毒所腹泻室在C组轮状病毒受体结合特征...,knowledge,健康知识,,中国疾病预防控制中心病毒病预防控制所段招军研究员在C组轮状病毒受体结合特征方面取得重要研究进展，相关研究成果以“Human group C rotavirus VP8*s recognize type A histo-blood group antigens as ligands”为题，发表在病毒性专业期刊《Journal of Virology》（doi:10.1128/JVI.00442-18…,中国疾病预防控制中心,https://ivdc.chinacdc.cn/kjgz/kyjz/201806/t20180605_172985.htm,公开,crawler
国家重点研发计划“重要新发突发病原体...,knowledge,健康知识,,,中国疾病预防控制中心,https://ivdc.chinacdc.cn/kjgz/kyjz/201612/t20161216_136634.htm,公开,crawler
《医学病毒图谱》正式出版发行,knowledge,健康知识,,《医学病毒图谱》于2016年5月正式出版发行，该书由中国疾病预防控制中心病毒病预防控制所洪涛院士及中国医学科学院病原生物学研究所王健伟研究员为主编，中国疾病预防控制中心病毒病预防控制所宋敬东副研究员为副主编，科学出版社出版。,中国疾病预防控制中心,https://ivdc.chinacdc.cn/kjgz/kyjz/201606/t20160603_130561.htm,公开,crawler
病毒病所在MERS-CoV疫苗研究中取得重要进展,knowledge,健康知识,,中东呼吸综合征冠状病毒（MERS-CoV）最早于2012年从中东地区一名急性呼吸道感染并发急性肾衰竭的患者体内分离，目前已扩散到世界20多个国家和地区。据WHO报道，截止到2015年10月12日，全球共报道实验室确诊病例1595人，其中死亡571人，病死率达35.8%。其中2015年5-7月间韩国因一例MERS-CoV输入导致186人感染、35人病死的暴发事件，直接和间接经济损失达100亿美元。其…,中国疾病预防控制中心,https://ivdc.chinacdc.cn/kjgz/kyjz/201511/t20151105_121710.htm,公开,crawler
美国科罗拉多州立大学Robert Ellis教授...,knowledge,健康知识,,2019年4月21日下午，来自美国科罗拉多大学的Robert Ellis教授、Linda Squires女士以及美国休斯敦卫理研究所的Hongliang Yang教授访问病毒病所。在病毒病所旧址办公区的生物安全与健康编辑部，党委书记武桂珍研究员以及生物安全与健康期刊编委会的部分编委与Ellis等人进行座谈。参会专家讨论了杂志的发展方向，如何吸引优质稿源，尤其是国外的优质稿源等问题；同时也就如何发挥…,中国疾病预防控制中心,https://ivdc.chinacdc.cn/gjhz/jldt/201908/t20190830_205133.htm,公开,crawler
我所国家流感中心举办东盟及我国周边国...,knowledge,健康知识,,中国疾病预防控制中心病毒病预防控制所国家流感中心（世界卫生组织流感参比和研究合作中心）主办的东盟及我国周边国家人感染动物源性流感病毒应对研讨会及三代测序技术培训班于2018年9月10-14日在京举行。本次培训由国家卫生健康委员会《亚洲区域流感监测合作项目》专项基金和世界卫生组织合作项目资助，并得到了中国疾控中心和病毒病所相关部门的大力支持。,中国疾病预防控制中心,https://ivdc.chinacdc.cn/gjhz/jldt/201810/t20181008_194508.htm,公开,crawler
第一届中德暑期讲习班-“感染结构生物学”,knowledge,健康知识,,"中德第一届暑期讲习班“感染结构生物学”在德国举行。此次暑期讲习班由中德科学中心资助，由中国疾病预防控制中心病毒病预防控制所（IVDC）,吕贝克大学和海因里希-佩特研究所莱布尼茨实验病毒学研究所（HPI）联合举办。",中国疾病预防控制中心,https://ivdc.chinacdc.cn/gjhz/jldt/201809/t20180926_194252.htm,公开,crawler
第二届中德病毒学“全球化对传染病带来...,knowledge,健康知识,,第二届中德病毒学会议由中德科学中心资助(CDZ)，由中国疾病预防控制中心病毒病预防控制所（IVDC）和德国海因里希-佩特研究所莱布尼茨实验病毒学研究所（HPI）联合承办。这是继2017年在北京举办的第一届中德病毒学会议“抗击传染病先进策略”研讨会的又一次中德病毒学盛会。,中国疾病预防控制中心,https://ivdc.chinacdc.cn/gjhz/jldt/201809/t20180919_194010.htm,公开,crawler
非洲国家公共卫生专家代表团一行18人访...,knowledge,健康知识,,2018年6月14日上午，非洲国家公共卫生专家代表团一行18人访问了我所，脊灰室副主任张勇、BSL-3室副主任周为民和国家流感中心薄洪接待了外宾。,中国疾病预防控制中心,https://ivdc.chinacdc.cn/gjhz/jldt/201806/t20180619_179641.htm,公开,crawler
德国莱布尼茨实验病毒学研究所海因里希-...,knowledge,健康知识,,,中国疾病预防控制中心,https://ivdc.chinacdc.cn/gjhz/jldt/201705/t20170522_143287.htm,公开,crawler
美国哥伦比亚大学感染与免疫中心实验室H...,knowledge,健康知识,,2017年2月5日至2月10日，受我所病毒性腹泻室主任段招军邀请，美国哥伦比亚大学感染与免疫中心实验室Hana Lin博士来我所开展合作交流。,中国疾病预防控制中心,https://ivdc.chinacdc.cn/gjhz/jldt/201702/t20170224_138602.htm,公开,crawler
梁米芳研究员等2人赴香港参加“国家自然...,knowledge,健康知识,,2017年2月15日-16日，应香港大学生物医学学院金冬雁教授邀请，我所病毒性出血热室梁米芳研究员、张硕副研究员赴香港参加 “国家自然科学基金中港合作项目结题研讨会”任务。,中国疾病预防控制中心,https://ivdc.chinacdc.cn/gjhz/jldt/201702/t20170224_138600.htm,公开,crawler
辛丽副研究员等2人赴英国参加“第23届流...,knowledge,健康知识,,2017年2月6日至10日，我所流感室辛丽副研究员、黄维娟助理研究员受世界卫生组织邀请，赴英国参加“第23届流感疫苗生产会议”。本次会议由世界卫生组织流感核心实验室（Esential Regulation Laboratory，ERL）英国生物制品检定所组织召开，各世卫组织流感参比和研究合作中心（WHO Collaborating Center for reference and response…,中国疾病预防控制中心,https://ivdc.chinacdc.cn/gjhz/jldt/201702/t20170221_138510.htm,公开,crawler
中国疾病预防控制中心（中国预防医学科...,knowledge,健康知识,,,中国疾病预防控制中心,https://ivdc.chinacdc.cn/jypx/yjsjy/zsxx/202605/t20260515_1835821.htm,公开,crawler
病毒病预防控制所2026年博士研究生招生...,knowledge,健康知识,,,中国疾病预防控制中心,https://ivdc.chinacdc.cn/jypx/yjsjy/zsxx/202605/t20260506_1835577.htm,公开,crawler
中国疾病预防控制中心（中国预防医学科...,knowledge,健康知识,,根据我中心（院）2026年博士研究生招生简章要求与2026年博士研究生招生申请考核办法相关规定，病毒病预防控制所的博士生材料审核评分已完成，现将我所2026年博士生招生调剂名单及审核评分成绩予以公示。请获得复试资格的考生按照要求参加复试。,中国疾病预防控制中心,https://ivdc.chinacdc.cn/jypx/yjsjy/zsxx/202601/t20260121_314758.htm,公开,crawler
中国疾病预防控制中心（中国预防医学科...,knowledge,健康知识,,一、缺额信息,中国疾病预防控制中心,https://ivdc.chinacdc.cn/jypx/yjsjy/zsxx/202601/t20260116_314682.htm,公开,crawler
中国疾病预防控制中心（中国预防医学科...,knowledge,健康知识,,根据我中心（院）2026年博士研究生招生简章要求与2026年博士研究生招生申请考核办法相关规定，病毒病预防控制所的博士生材料审核评分已完成，现将我所2026年博士生招生名单及审核评分成绩予以公示。请获得复试资格的考生按照要求参加复试。,中国疾病预防控制中心,https://ivdc.chinacdc.cn/jypx/yjsjy/zsxx/202601/t20260108_314541.htm,公开,crawler
中国疾病预防控制中心病毒病预防控制所2...,knowledge,健康知识,,一、活动目的,中国疾病预防控制中心,https://ivdc.chinacdc.cn/tzgg/202506/t20250625_307948.htm,公开,crawler
病毒病所2025年硕士研究生招生调剂复试...,knowledge,健康知识,,,中国疾病预防控制中心,https://ivdc.chinacdc.cn/tzgg/202504/t20250409_305839.htm,公开,crawler
中国疾病预防控制中心病毒病预防控制所2...,knowledge,健康知识,,根据我中心2025年硕士研究生招生简章要求与2025年硕士生招生申请考核办法相关规定，病毒病所全面接受考生和社会监督。,中国疾病预防控制中心,https://ivdc.chinacdc.cn/tzgg/202503/t20250320_305109.htm,公开,crawler
中国疾病预防控制中心病毒病预防控制所2...,knowledge,健康知识,,根据中国疾病预防控制中心2025年博士研究生招生简章要求及2025年博士生招生申请考核办法相关规定，我所已完成2025年博士研究生材料审核评分工作，现将复试名单及审核评分成绩予以公示。请获得复试资格的考生按照要求参加复试。,中国疾病预防控制中心,https://ivdc.chinacdc.cn/jypx/yjsjy/zsxx/202501/t20250103_303697.htm,公开,crawler
中国疾病预防控制中心病毒...,knowledge,健康知识,,,中国疾病预防控制中心,https://ivdc.chinacdc.cn/tzgg/202606/t20260624_1837329.htm,公开,crawler
中国疾病预防控制中心（中...,knowledge,健康知识,,,中国疾病预防控制中心,https://ivdc.chinacdc.cn/tzgg/202605/t20260515_1835820.htm,公开,crawler
中国疾病预防控制中心病毒...,knowledge,健康知识,,,中国疾病预防控制中心,https://ivdc.chinacdc.cn/tzgg/202604/t20260429_1835412.htm,公开,crawler
中国疾病预防控制中心（中...,knowledge,健康知识,,根据我中心（院）2026年博士研究生招生简章要求与2026年博士研究生招生申请考核办法相关规定，病毒病预防控制所的博士生材料审核评分已完成，现将我所2026年博士生招生调剂名单及审核评分成绩予以公示。请获得复试资格的考生按照要求参加复试。,中国疾病预防控制中心,https://ivdc.chinacdc.cn/tzgg/202601/t20260121_314757.htm,公开,crawler
中国疾病预防控制中心（中...,knowledge,健康知识,,一、缺额信息,中国疾病预防控制中心,https://ivdc.chinacdc.cn/tzgg/202601/t20260116_314694.htm,公开,crawler
中国疾病预防控制中心（中...,knowledge,健康知识,,根据我中心（院）2026年博士研究生招生简章要求与2026年博士研究生招生申请考核办法相关规定，病毒病预防控制所的博士生材料审核评分已完成，现将我所2026年博士生招生名单及审核评分成绩予以公示。请获得复试资格的考生按照要求参加复试。,中国疾病预防控制中心,https://ivdc.chinacdc.cn/tzgg/202601/t20260108_314542.htm,公开,crawler
中国疾病预防控制中心病毒...,knowledge,健康知识,,病毒病预防控制所是中国疾病预防控制中心下属的独立法人机构，主要从事病毒病预防控制的公益性公共卫生事业单位。现根据工作需要，经研究决定，公开招聘病毒资源中心编制外聘用工作人员1名，现将有关事项公布如下：,中国疾病预防控制中心,https://ivdc.chinacdc.cn/tzgg/202509/t20250911_310351.htm,公开,crawler
中国疾病预防控制中心,knowledge,健康知识,2026-07-07,,中国疾病预防控制中心,https://www.chinacdc.cn/,公开,crawler
English,knowledge,健康知识,,"The National Institute for Occupational Health and Poison Control, Chinese Center for Disease Control and Prevention (NIOHP, China CDC) was established in 1954. It was originally named Labor Health Re…",中国疾病预防控制中心,https://niohp.chinacdc.cn/en/,公开,crawler
中毒控制与应急,knowledge,健康知识,,,中国疾病预防控制中心,https://niohp.chinacdc.cn/zdyyjzt/,公开,crawler
党群与纪检工作,knowledge,健康知识,,,中国疾病预防控制中心,https://niohp.chinacdc.cn/dqyjjgz/,公开,crawler
2026年《职业病防治法》宣传周--第24个全国《职业病防治法》宣传周,knowledge,健康知识,,,中国疾病预防控制中心,https://niohp.chinacdc.cn/sndt/202604/t20260428_1835356.htm,公开,crawler
中国疾病预防控制中心职业卫生与中毒控制所2026年新春贺词,knowledge,健康知识,,,中国疾病预防控制中心,https://niohp.chinacdc.cn/tupian/202602/t20260213_315086.htm,公开,crawler
国家卫生健康委就介绍“关爱劳动者职业健康”有关情况举行新闻发布会（...,knowledge,健康知识,,,中国疾病预防控制中心,https://niohp.chinacdc.cn/sndt/202505/t20250512_306705.htm,公开,crawler
2025年全国职业健康技术工作会议在兰州召开,knowledge,健康知识,,4月9日，2025年全国职业健康技术工作会议在甘肃省兰州市召开。本次会议坚持以习近平新时代中国特色社会主义思想为指导，深入贯彻习近平总书记关于健康中国建设的重要论述精神，全面贯彻党的二十大和二十届二中、三中全会精神以及中央经济工作会议精神，总结2024年职业健康技术支撑工作，安排部署2025年重点工作。国家卫生健康委职业健康司副司长李军、国家疾病控制局监督二司一级调研员程婉秋、中国疾控中心副主任施…,中国疾病预防控制中心,https://niohp.chinacdc.cn/tupian/202504/t20250414_305953.htm,公开,crawler
国家卫生健康委举行“时令节气与健康”新闻发布会（第十四场）,knowledge,健康知识,,国家卫生健康委于1月5日召开新闻发布会，介绍时令节气与健康有关情况，并答记者问。,中国疾病预防控制中心,https://niohp.chinacdc.cn/sndt/202501/t20250115_303881.htm,公开,crawler
树牢正确政绩观 严守纪律清风气 --职业卫生所第四党支部开展主题党日活动,knowledge,健康知识,,,中国疾病预防控制中心,https://niohp.chinacdc.cn/sndt/202607/t20260708_1837909.htm,公开,crawler
固本培元强基层 输血造血育精兵——职业卫生所全面推进2026年度职业健康...,knowledge,健康知识,,,中国疾病预防控制中心,https://niohp.chinacdc.cn/sndt/202607/t20260708_1837896.htm,公开,crawler
红色家书映初心 严规肃纪担使命-职业卫生所第七党支部“警示教育月”活...,knowledge,健康知识,,,中国疾病预防控制中心,https://niohp.chinacdc.cn/sndt/202607/t20260706_1837806.htm,公开,crawler
深化警示教育 推进家风助廉——第八党支部开展主题党日活动,knowledge,健康知识,,,中国疾病预防控制中心,https://niohp.chinacdc.cn/sndt/202607/t20260706_1837805.htm,公开,crawler
职业卫生所第一党支部开展党支部书记讲党课暨主题党日活动,knowledge,健康知识,,,中国疾病预防控制中心,https://niohp.chinacdc.cn/sndt/202607/t20260706_1837804.htm,公开,crawler
职业卫生所党委举办庆“七一”演讲比赛主题党日活动,knowledge,健康知识,,,中国疾病预防控制中心,https://niohp.chinacdc.cn/sndt/202607/t20260702_1837739.htm,公开,crawler
职业卫生所团总支召开青年干部和学生专题研讨会,knowledge,健康知识,,,中国疾病预防控制中心,https://niohp.chinacdc.cn/sndt/202606/t20260626_1837471.htm,公开,crawler
聚力国家级队伍互通交流 赋能中毒卫生应急高质量发展——2026年国家中毒...,knowledge,健康知识,,,中国疾病预防控制中心,https://niohp.chinacdc.cn/hypx/202606/t20260603_1836454.htm,公开,crawler
CT用于尘肺病辅助诊断和职业健康检查质量控制培训班在杭州成功举办,knowledge,健康知识,,,中国疾病预防控制中心,https://niohp.chinacdc.cn/hypx/202605/t20260529_1836143.htm,公开,crawler
中国卫生监督协会职业卫生专业委员会关于举办CT用于尘肺病辅助诊断和职...,knowledge,健康知识,,,中国疾病预防控制中心,https://niohp.chinacdc.cn/sndt/202603/P020260320570929374978.pdf,公开,crawler
2025年国家中毒卫生应急队员培训在京举办,knowledge,健康知识,,2025年11月26日中国疾病预防控制中心职业卫生与中毒控制所卫生应急办公室举办了2025年国家中毒卫生应急处置队伍培训。孙新所长和张美辨副所长出席本次培训并讲话，培训由卫生应急办公室主任周静主持。,中国疾病预防控制中心,https://niohp.chinacdc.cn/sndt/202512/t20251202_313788.htm,公开,crawler
职业卫生所举办职业健康检查和职业病诊断质量控制技术培训班,knowledge,健康知识,,为切实提升职业健康检查与职业病诊断中接尘劳动者胸片拍摄与胸片判读的整体质量，中国疾控中心职业卫生所于2025年11月24日—27日在江苏南京举办职业健康检查与职业病诊断质量控制技术培训班。国家卫生健康委职业健康司廖海江二级巡视员、中国疾控中心职业卫生所张美辨副所长和江苏省卫生健康委职业健康处华海庆处长出席开班式，全国32个地区的职业健康检查与职业病诊断质控中心的技术骨干共50余人参加培训。中国疾控…,中国疾病预防控制中心,https://niohp.chinacdc.cn/sndt/202512/t20251202_313786.htm,公开,crawler
助力新发职业病防控，WMSDs工效学评估技术培训班在渝举办,knowledge,健康知识,,为积极应对《职业病分类和目录》修订将“职业性肌肉骨骼疾病”新增为法定职业病的新要求，2025年11月3日至7日，由中国疾病预防控制中心职业卫生与中毒控制所（以下简称职业卫生所）主办的“职业性肌肉骨骼疾病工效学评估技术培训班”在重庆成功举办。来自全国多家省、市级职业病防治机构的专业技术骨干参加了培训。,中国疾病预防控制中心,https://niohp.chinacdc.cn/sndt/202511/t20251127_313693.htm,公开,crawler
职业卫生所成功举办2025年度文书、保密与网络信息化培训,knowledge,健康知识,,2025年9月17日，职业卫生所组织开展2025年度文书、保密与网络信息化培训。办公室主任张爽同志主持，全所干部职工、进修人员和学生共约150人参加培训。,中国疾病预防控制中心,https://niohp.chinacdc.cn/sndt/202509/t20250924_312615.htm,公开,crawler
与海湾疾控中心职业卫生合作展望——海湾疾控中心代表团顺访职业卫生所,knowledge,健康知识,,2025年9月25日下午，海湾疾病预防控制中心首席执行官Pasi Penttinen博士率团顺访职业卫生与中毒控制所，双方围绕职业卫生体系建设、合作机制及全球化背景下的挑战开展深入交流。此次访问不仅强化了双方在公共卫生领域的互信，更为未来在标准协同、技术援助和危机联防等层面的合作奠定了基础。,中国疾病预防控制中心,https://niohp.chinacdc.cn/sndt/202510/t20251022_313064.htm,公开,crawler
全方位 多部门 深层次合作--“中德职业健康危害早期症状监测及风险评估...,knowledge,健康知识,,中国疾控中心职业卫生所（以下简称职业卫生所）和德国法定事故保险机构（DGUV）在湖南长沙共同举办“职业健康危害早期症状监测及风险评估方法研究”合作项目现场启动会。欧盟就业和社会事务局首席执行官Matthias Fritz先生、湖南省卫生健康委国际合作处肖军叶处长、湖南省职业病防治院谭勇院长和职业卫生所孙新所长分别致辞，分别介绍了欧盟在职业健康安全领域的优先合作事项和战略措施以及合作项目前期开展的相…,中国疾病预防控制中心,https://niohp.chinacdc.cn/sgvsbfh/hz/202207/t20220726_260545.htm,公开,crawler
工作相关肌肉骨骼疾患（WMSDs）的工效学评估与分析系统,knowledge,健康知识,,该系统汇集了国内外通行的评估WMSDs的系列工效学调查、检测、评估与分析方法，是基于电子工具解决从资料/数据收集、整理、统计分析和结果输出的系统工具，涵盖了基于北欧肌肉骨骼疾患问卷和杨磊开发的肌肉骨骼疾患问卷而修订的电子版肌肉骨骼疾患工效学调查问卷、用于社会心理学调查的工作内容问卷和付出-回报失衡问卷（改良版）和十余种适用于不同行业的工效学检查量表以及由中国卫生监督协会颁布的用于预防WMSDs的团…,中国疾病预防控制中心,https://niohp.chinacdc.cn/sgvsbfh/hz/202203/t20220302_257299.htm,公开,crawler
工作相关肌肉骨骼疾患（WMSDs）的工效学评估与分析系统,knowledge,健康知识,,该系统汇集了国内外通行的评估WMSDs的系列工效学调查、检测、评估与分析方法，是基于电子工具解决从资料/数据收集、整理、统计分析和结果输出的系统工具，涵盖了基于北欧肌肉骨骼疾患问卷和杨磊开发的肌肉骨骼疾患问卷而修订的电子版肌肉骨骼疾患工效学调查问卷、用于社会心理学调查的工作内容问卷和付出-回报失衡问卷（改良版）和十余种适用于不同行业的工效学检查量表以及由中国卫生监督协会颁布的用于预防WMSDs的团…,中国疾病预防控制中心,https://niohp.chinacdc.cn/sgvsbfh/hz/202112/t20211222_254757.htm,公开,crawler
共享职业健康——“工作相关疾病诊断和判定标准网络研讨会”顺利召开,knowledge,健康知识,,,中国疾病预防控制中心,https://niohp.chinacdc.cn/sgvsbfh/hz/202107/t20210720_232041.htm,公开,crawler
盛会落幕，精彩犹在——职业噪声和耳毒性化学物质暴露导致听力损失及相...,knowledge,健康知识,,听力损失是全球公共卫生问题，工业噪声职业暴露是成人听力损失的主要原因之一。据WHO估计，目前全球有4.66亿人群发生耳聋和听力损失。我国的情况同样不容乐观，据调查，我国患中度以上听力障碍的人占总人口的5.17%。随着中国经济的快速发展，职业性噪声暴露导致的听力损失和其他相关疾病正在迅速增加，成为威胁中国工人健康的严重问题之一。职业性噪声聋已经代替慢性化学中毒成为我国继尘肺病之后的第二大职业病。,中国疾病预防控制中心,https://niohp.chinacdc.cn/sgvsbfh/hz/201810/t20181022_195299.htm,公开,crawler
中国疾病预防控制中心职业卫生与中毒控制所关于召开职业噪声国际论坛的通知,knowledge,健康知识,,,中国疾病预防控制中心,https://niohp.chinacdc.cn/sgvsbfh/hz/201809/P020180919406410343678.pdf,公开,crawler
健康风险评估,knowledge,健康知识,,,中国疾病预防控制中心,https://niohp.chinacdc.cn/zyb/,公开,crawler
职业病与中毒监测,knowledge,健康知识,,,中国疾病预防控制中心,https://niohp.chinacdc.cn/jbjcbg/,公开,crawler
新疆维吾尔自治区重点研发计划项目暨职业性肌肉骨骼疾患风险评估及干预...,knowledge,健康知识,,2025年8月16日，新疆维吾尔自治区重点研发计划项目分课题启动会在北京召开。中国疾病预防控制中心职业卫生与中毒控制所（以下简称职业卫生所）所长孙新研究员、李涛主任医师，新疆医科大学公共卫生学院宁丽教授，项目指导专家王忠旭主任医师、哈尔滨医科大学公共卫生学院吴永会教授、新乡医学院公共卫生学院姚三巧教授等专家学者及项目组成员参加会议，会议由职业卫生所贾宁研究员主持。,中国疾病预防控制中心,https://niohp.chinacdc.cn/sndt/202508/t20250826_309903.htm,公开,crawler
煤尘职业健康风险评估项目推进会在京顺利召开,knowledge,健康知识,,2024年11月29日，煤尘职业健康风险评估项目推进会在北京顺利召开。中国安全生产科学研究院职业危害研究所李小川副所长、中国疾病预防控制中心职业卫生与中毒控制所职业流行病学与风险评估研究室边洪英副主任以及来自10个省（自治区、直辖市）的疾控中心、职防机构和大学院所等共13家单位的任务负责人及专业骨干参加会议，会议由煤尘职业健康风险评估项目负责人边洪英主持。,中国疾病预防控制中心,https://niohp.chinacdc.cn/sndt/202412/t20241209_303190.htm,公开,crawler
工效学干预技术研讨会顺利召开,knowledge,健康知识,,2024年5月22日，工效学干预技术研讨会暨工效学因素风险评估项目第三轮启动会在浙江省宁波市顺利召开。中国疾控中心职业卫生所李涛主任医师、王忠旭主任医师及来自21个省（自治区、直辖市）、市疾控中心、职防机构的37家单位项目负责人、专业骨干50余人参加会议，会议由中国疾控中心职业卫生所贾宁研究员主持。,中国疾病预防控制中心,https://niohp.chinacdc.cn/sndt/202405/t20240531_283007.htm,公开,crawler
机动车驾驶员队列研究讨论会在京顺利召开,knowledge,健康知识,,为了推进落实健康中国职业健康保护行动，更好地加强驾驶员等长时间固定体位作业职业人群的健康保护，2024年4月3日，中国疾控中心职业卫生所在北京组织召开驾驶员队列研究讨论会。中国疾控中心职业卫生所孙新所长、李涛主任医师、王忠旭主任医师、北京大学公共卫生学院王生教授，以及来自省（自治区、直辖市）、市疾控中心、职防机构和北京市公交集团等相关单位负责人、专业骨干参加会议。中国疾控中心职业卫生所贾宁研究员主…,中国疾病预防控制中心,https://niohp.chinacdc.cn/sndt/202404/t20240409_275972.htm,公开,crawler
机动车驾驶员队列研究项目推进会顺利召开,knowledge,健康知识,,,中国疾病预防控制中心,https://niohp.chinacdc.cn/sndt/202312/t20231215_271388.htm,公开,crawler
工效学因素职业健康风险评估项目推进会在京顺利召开,knowledge,健康知识,,2023年5月9日，工效学因素致工作相关肌肉骨骼疾患（Work-related Musculoskeletal disorders，WMSDs）风险评估项目推进会在北京顺利召开。中国疾病预防控制中心职业卫生所首席专家李涛主任医师，项目负责人王忠旭研究员及来自26个省（自治区、直辖市）、市疾控中心、职防机构和企业的31家单位项目负责人及专业骨干50余人参加会议，会议由中国疾控中心职业卫生所贾宁副研究…,中国疾病预防控制中心,https://niohp.chinacdc.cn/sndt/202305/t20230522_266159.htm,公开,crawler
中国劳动者职业健康素养——基本知识和技能（2022年版）,knowledge,健康知识,,中国劳动者职业健康素养—基本知识和技能（2022年版）,中国疾病预防控制中心,https://niohp.chinacdc.cn/sndt/202203/t20220307_257538.htm,公开,crawler
2026年全国重点人群职业健康素养监测与干预技术培训班在沈阳举办,knowledge,健康知识,,,中国疾病预防控制中心,https://niohp.chinacdc.cn/sndt/202605/t20260518_1835826.htm,公开,crawler
ILO发布2026年全球报告：每年逾84万人死于工作相关社会心理风险,knowledge,健康知识,,,中国疾病预防控制中心,https://niohp.chinacdc.cn/sndt/202604/t20260427_1835318.htm,公开,crawler
懂得求助，是一种能力,knowledge,健康知识,,,中国疾病预防控制中心,https://niohp.chinacdc.cn/sndt/202604/t20260424_1835297.htm,公开,crawler
职业卫生所在“2025年新时代健康科普作品征集活动”中荣获佳绩,knowledge,健康知识,,近日，由国家卫生健康委、国家中医药局、国家疾控局等部门联合开展的“健康知识普及行动——2025年新时代健康科普作品征集活动”圆满落幕。全国参评作品47950件，其中职业健康相关主题作品1820件，中国疾控中心职业卫生所推送的2件职业健康科普作品荣获本次活动优秀作品。同时，职业卫生所获活动主办方通报表扬。,中国疾病预防控制中心,https://niohp.chinacdc.cn/sndt/202602/t20260209_314981.htm,公开,crawler
外卖小哥职业健康保护,knowledge,健康知识,,,中国疾病预防控制中心,https://niohp.chinacdc.cn/jkjy/202506/t20250604_307336.htm,公开,crawler
职场忙到飞起，8招筑起健康“心盔甲”,knowledge,健康知识,,近年来，随着经济的转型发展，生活节奏加快以及新就业形态的产生和快速发展，职业人群正面临着多重压力与挑战。长期加班熬夜、不规律倒班作业、超负荷工作强度，以及职场人际关系与潜在的职业风险等，严重威胁职业人群心理健康。据世界卫生组织（WHO）数据显示，全球范围内抑郁、焦虑障碍的发病率不断攀升，我国针对不同行业职业人群的监测结果也发现，职业紧张、抑郁、焦虑等已成为职场常见问题。这些心理隐患不仅会影响情绪波…,中国疾病预防控制中心,https://niohp.chinacdc.cn/sndt/202505/t20250512_306688.htm,公开,crawler
建队伍，填空白，职业健康技术援藏工作持续推进,knowledge,健康知识,,为填补西藏自治区职业健康监护与职业病诊断技术机构和人员的空白，提升西藏自治区职业健康监护与职业病诊断能力，落实职业健康技术援藏工作，根据国家卫生健康委职业健康司援藏工作的部署和要求，中国疾控中心职业卫生所于9月7日-11日在西藏自治区林芝市举办了援藏职业健康监护与职业病诊断技术人员培训班，并由各支援省市在培训结束后进行对口实地指导。西藏自治区卫健委、自治区和林芝市疾控中心、自治区及7个地市和部分县…,中国疾病预防控制中心,https://niohp.chinacdc.cn/sndt/202009/t20200911_219061.htm,公开,crawler
2019年职业病报告情况,knowledge,健康知识,,截至2019年底，全国共有职业健康检查机构3403个、职业病诊断机构550个。2019年全国共报告各类职业病新病例19428例，职业性尘肺病及其他呼吸系统疾病15947例（其中职业性尘肺病15898例），职业性耳鼻喉口腔疾病1623例，职业性化学中毒778例，职业性传染病578例，物理因素所致职业病264例，职业性肿瘤87例，职业性皮肤病72例，职业性眼病53例，职业性放射性疾病15例，其他职业病…,中国疾病预防控制中心,https://niohp.chinacdc.cn/jbjcbg/202007/t20200702_217593.htm,公开,crawler
2018年职业病报告情况,knowledge,健康知识,,截至2018年底，全国共有职业健康检查机构2754个、职业病诊断机构478个。2018年全国共报告各类职业病新病例23497例，职业性尘肺病及其他呼吸系统疾病19524例（其中职业性尘肺病19468例），职业性耳鼻喉口腔疾病1528例，职业性化学中毒1333例，职业性传染病540例，物理因素所致职业病331例，职业性肿瘤77例，职业性皮肤病93例，职业性眼病47例，职业性放射性疾病17例，其他职业…,中国疾病预防控制中心,https://niohp.chinacdc.cn/jbjcbg/202007/t20200702_217592.htm,公开,crawler
2019年《职业病防治法》宣传周启动仪式在重庆市举行,knowledge,健康知识,,2019年4月25日至5月1日是第17个《职业病防治法》宣传周，宣传主题是“健康中国，职业健康同行”。4月25日，国家卫生健康委、民政部、人力资源社会保障部、国家医保局和全国总工会联合重庆市人民政府在重庆市举行了《职业病防治法》宣传周启动仪式，国家卫生健康委员会副主任李斌出席并致辞。中国疾控中心副主任梁晓峰、公卫处副处长刘东山、职业卫生所副所长孙新和有关专家参加了启动仪式。,中国疾病预防控制中心,https://niohp.chinacdc.cn/jbjcbg/201907/t20190726_204311.htm,公开,crawler
职业卫生所举办全国职业病报告培训,knowledge,健康知识,,为开展全国职业病报告业务内容培训、职业病防治机构能力摸底调查培训以及新形势下职业病报告工作交流和讨论，中国疾病预防控制中心职业卫生与中毒控制所（以下简称职业卫生所）2018年6月4日至7日在内蒙古自治区呼和浩特市举办了全国职业病报告培训。,中国疾病预防控制中心,https://niohp.chinacdc.cn/jbjcbg/201806/t20180625_180941.htm,公开,crawler
2017年职业病报告情况,knowledge,健康知识,,2017年，全国共报告各类职业病新病例26756例。职业性尘肺病及其他呼吸系统疾病22790例，其中职业性尘肺病22701例；职业性耳鼻喉口腔疾病1608例；职业性化学中毒1021例，其中急、慢性职业中毒分别为295例和726例；职业性传染病673例；物理因素所致职业病399例；职业性肿瘤85例；职业性皮肤病83例；职业性眼病70例；职业性放射性疾病15例；其他职业病12例。,中国疾病预防控制中心,https://niohp.chinacdc.cn/jbjcbg/201806/t20180619_179648.htm,公开,crawler
2017年中毒咨询热线咨询情况,knowledge,健康知识,,2017年1月1日至12月31日，全国中毒咨询热线电话共接到及回访有效咨询2007条，其中涉及3人以上的毒物危害事件咨询18起。针对百草枯及剧毒鼠药咨询回访35例。在所有的咨询中，共出现中毒病例1762例，明确死亡的病例数为10例，病死率0.56%。毒物危害事件中毒物主要以农药为主，还包括毒蘑菇、有毒植物；获取信息咨询的毒物种类也以农药为主。,中国疾病预防控制中心,https://niohp.chinacdc.cn/jbjcbg/201806/t20180611_173240.htm,公开,crawler
防控职业病，全方位守护劳动者健康----人民日报健康客户端,knowledge,健康知识,,,中国疾病预防控制中心,https://niohp.chinacdc.cn/sndt/202405/t20240511_277765.htm,公开,crawler
谨防小个子大“蘑”王 ─ 肉褐鳞环柄菇中毒,knowledge,健康知识,,8月底9月初，在我国吉林，山东，河北，山西，陕西，内蒙古，宁夏、新疆等多地连续发生数起因误食肉褐鳞环柄菇导致的中毒事件，由中国疾控中心职业卫生与中毒控制所协助检测鉴定、处置指导。,中国疾病预防控制中心,https://niohp.chinacdc.cn/rdts/202109/t20210916_244635.htm,公开,crawler
2021年《职业病防治法》宣传周启动仪式在京举行,knowledge,健康知识,,,中国疾病预防控制中心,https://niohp.chinacdc.cn/sndt/202104/t20210426_230156.htm,公开,crawler
2021年《职业病防治法》宣传周主题海报,knowledge,健康知识,,,中国疾病预防控制中心,https://niohp.chinacdc.cn/rdts/202104/t20210417_229775.htm,公开,crawler
暑假安全提示：警惕强酸强碱清洁剂,knowledge,健康知识,,,中国疾病预防控制中心,https://niohp.chinacdc.cn/kpdw/202507/t20250722_308659.htm,公开,crawler
毒蛇咬伤频发季：抗蛇毒血清—生命急救密码,knowledge,健康知识,,近期，随着气温逐渐升高，蛇类活动日益频繁，各地蛇咬伤事件进入高发期，引起公众广泛关注。我国尚未建立蛇咬伤监测系统，据估算，全国每年毒蛇咬伤患者约 10-30万人。蛇咬伤不仅会给伤者带来巨大的痛苦，若救治不及时，甚至会危及生命。而在蛇咬伤的救治中，抗蛇毒血清起着至关重要的作用。那么，一旦遭遇蛇咬伤，该如何自救、互救，又该去哪里寻找关键的抗蛇毒血清呢?,中国疾病预防控制中心,https://niohp.chinacdc.cn/sndt/202506/t20250613_307605.htm,公开,crawler
警惕霉变甘蔗“甜蜜陷阱” ！,knowledge,健康知识,,甘蔗汁清甜可口，“马蹄甘蔗”、“鲜榨甘蔗”各式各样的甘蔗饮品深受儿童和年轻人钟爱。然而，每年因不当食用霉变甘蔗而中毒的事件却屡见不鲜，严重者甚至危及生命。一不小心，“甜蜜果”可能变成“毒药棒”。正确辨识霉变甘蔗，了解霉变甘蔗的危害至关重要。,中国疾病预防控制中心,https://niohp.chinacdc.cn/sndt/202502/t20250221_304477.htm,公开,crawler
打碎的水银体温计会导致汞中毒吗？,knowledge,健康知识,,2022年底，我们针对打碎水银体温计后的清理方式做了一期科普，教会大家如何科学处理，以达到预防汞中毒的提示作用。2023年相关咨询量创历史新高，直到2024年4月中旬，使用水银体温计不小心打碎 “会不会引起汞中毒”或“该怎么处理”仍保持很高热度，可以看一下一组数据（图1）。,中国疾病预防控制中心,https://niohp.chinacdc.cn/sndt/202405/t20240507_277661.htm,公开,crawler
高温作业及预防措施,knowledge,健康知识,,,中国疾病预防控制中心,https://niohp.chinacdc.cn/sndt/202207/t20220718_260382.htm,公开,crawler
创伤与化学中毒全国重点实验室中国疾病预防控制中心分室授牌揭幕,knowledge,健康知识,,2024年11月19日，中国疾控中心职业卫生与中毒控制所（简称职业卫生所）在北京隆重召开第一届吴执中职业医学学术会议。会议期间，中国工程院院士、创伤与化学中毒全国重点实验室主任蒋建新与职业卫生所所长、创伤与化学中毒全国重点实验室副主任孙新共同为中国疾控中心分室揭牌。,中国疾病预防控制中心,https://niohp.chinacdc.cn/sndt/202412/t20241209_303220.htm,公开,crawler
中国疾病预防控制中心职业卫生与中毒控制所关于公布招生咨询电话及申诉...,knowledge,健康知识,,按照《中国疾病预防控制中心关于印发2024年硕士生招生复试录取工作方案的通知》要求，本所2024年硕士生招生工作认真落实相关信息公开要求，现公布考生咨询及申诉渠道。,中国疾病预防控制中心,https://niohp.chinacdc.cn/sndt/202403/t20240325_274865.htm,公开,crawler
职业卫生所2024年度系列培训 ----职业健康监测现状及展望,knowledge,健康知识,,职业卫生所于2024年3月15日下午举办了“职业健康监测现状及展望”专业培训，由胡伟江研究员授课，所内职工、研究生等30余人参加了培训。,中国疾病预防控制中心,https://niohp.chinacdc.cn/kxyj/202405/t20240509_277710.htm,公开,crawler
中国疾控中心职业卫生所三氯乙烯项目荣获2021年中华预防医学会科学技术...,knowledge,健康知识,,,中国疾病预防控制中心,https://niohp.chinacdc.cn/sndt/202201/t20220106_255861.htm,公开,crawler
职业卫生所公布参加调剂复试考生名单,knowledge,健康知识,,根据《中国疾病预防控制中心2021年硕士生招生复试录取工作方案》要求，现在所网站公布参加调剂复试考生名单。,中国疾病预防控制中心,https://niohp.chinacdc.cn/kxyj/202104/t20210402_225391.htm,公开,crawler
关于发布2021年硕士研究生招生调剂信息的通知,knowledge,健康知识,,中国疾病预防控制中心职业卫生与中毒控制所关于发布2021年硕士研究生招生调剂信息的通知,中国疾病预防控制中心,https://niohp.chinacdc.cn/kxyj/202104/t20210402_225390.htm,公开,crawler
2021年硕士生招生复试录取实施细则,knowledge,健康知识,,中国疾病预防控制中心职业卫生与中毒控制所2021年硕士生招生复试录取实施细则,中国疾病预防控制中心,https://niohp.chinacdc.cn/kxyj/202104/t20210402_225389.htm,公开,crawler
中国的毒蘑菇,knowledge,健康知识,,本书以中毒案例、毒素成分和可靠文献为依据，描述和记载了我国包括急性肝损害型、急性肾损伤型、神经精神型、胃肠炎型、横纹肌溶解型、溶血型、光过敏性皮炎型及其他类型的毒蘑菇510种，隶属于真菌界2门5纲12目51科（不含未定科）126属；每个物种配有原生态彩色图片，提供物种名称（包括部分别名/俗名）、形态特征、生境与基物、地理分布、发生月份、毒性成分和中毒类型等信息。另外，收录了文献记载有毒或曾被认为有…,中国疾病预防控制中心,https://niohp.chinacdc.cn/cbw/202603/t20260331_316105.htm,公开,crawler
“医”眼识毒——毒蘑菇的鉴别...,knowledge,健康知识,,本书的编写，旨在提高公众对毒蘑菇的认识，普及预防和识别毒蘑菇的知识，以减少蘑菇中毒事件的发生。书中不仅详细介绍了云南地区常见的毒蘑菇种类，还探讨了它们的生态习性、毒素特性以及中毒后的紧急处理措施。我们希望通过本书，能够帮助读者在享受野生蘑菇美味的同时，也能够准确地鉴别毒蘑菇，避免中毒。,中国疾病预防控制中心,https://niohp.chinacdc.cn/cbw/202603/t20260331_316104.htm,公开,crawler
工作相关肌肉骨骼疾患及人因工...,knowledge,健康知识,,"工作相关肌肉骨骼疾患（work-related musculoskeletal disorders,WMSDs）指从事职业活动所致的肌肉、肌腱、骨骼、韧带和神经等运动系统的健康问题，从轻微、短暂损伤到不可逆、能力丧失性伤害等所有形式的健康-疾病状态。WMSDs影响着半数以上的职业人群，欧美等国家已将其列入职业病补偿范围，国际劳工组织（ILO）也已将七类WMSDs列入2010版国际职业病名单。WMS…",中国疾病预防控制中心,https://niohp.chinacdc.cn/cbw/202404/t20240425_277071.htm,公开,crawler
职业健康法律法规与管理实践,knowledge,健康知识,,,中国疾病预防控制中心,https://niohp.chinacdc.cn/cbw/202404/t20240422_276716.htm,公开,crawler
职业卫生标准汇编（2016—2021年）,knowledge,健康知识,,"为方便广大职业健康工作者使用职业健康标准，中国疾病预防控制中心职业卫生与中毒控制所和第八届国家卫生健康标准委员会职业健康标准专业委员会对2016年至2022年发布的165项职业健康标准进行了汇编。该汇编大约1300余页，已经由人民卫生出版社出版，目录详见附件。本汇编所提供的标准文本仅供学习、工作参考使用,请以国家卫生健康委官网发布的 PDF 版标准文本为准。",中国疾病预防控制中心,https://niohp.chinacdc.cn/cbw/202404/t20240410_276017.htm,公开,crawler
职业健康标准及实施指南（2022）,knowledge,健康知识,,为帮助职业健康技术服务工作的专业技术人员深入理解和准确掌握新发布的职业健康标准，职业健康标准专业委员会秘书处组织有关专家撰写了《职业健康标准及实施指南（2022）》，主要对2022年新发布标准的技术内容和制定依据进行说明和解释。,中国疾病预防控制中心,https://niohp.chinacdc.cn/cbw/202311/t20231106_270506.htm,公开,crawler
工作场所空气中化学有害因素监...,knowledge,健康知识,,《工作场所空气中化学有害因素监测方法》是以GBZ2.1《工作场所有害因素职业接触限值 第1部分：化学有害因素》为出发点，编写的配套专业参考书籍。编委在总结工作场所有害物质检测研究和工作经验的基础上，参考国内外研究工作的进展，结合我国职业卫生监测工作现状和需求，对职业卫生检测工作涉及到的知识进行梳理和整理，收集“全国职业卫生监测方法科研协作组”各单位近年研究的工作场所空气中化学因素检测方法，以满足职…,中国疾病预防控制中心,https://niohp.chinacdc.cn/cbw/202203/t20220318_257791.htm,公开,crawler
工作场所女职工心理健康指导手册,knowledge,健康知识,,,中国疾病预防控制中心,https://niohp.chinacdc.cn/cbw/202104/t20210426_230163.htm,公开,crawler
实用急性中毒全书,knowledge,健康知识,,,中国疾病预防控制中心,https://niohp.chinacdc.cn/cbw/202104/t20210426_230162.htm,公开,crawler
工作场所心理健康促进实施指南,knowledge,健康知识,,,中国疾病预防控制中心,https://niohp.chinacdc.cn/cbw/202007/t20200706_217642.htm,公开,crawler
中国疾病预防控制中心职业卫生...,knowledge,健康知识,,,中国疾病预防控制中心,https://niohp.chinacdc.cn/sndt/202606/t20260611_1836710.htm,公开,crawler
中华预防医学会劳动卫生与职业...,knowledge,健康知识,,,中国疾病预防控制中心,https://niohp.chinacdc.cn/tzgg/202606/t20260609_1836677.htm,公开,crawler
职业卫生所2026年博士研究生调...,knowledge,健康知识,,,中国疾病预防控制中心,https://niohp.chinacdc.cn/sndt/202605/t20260522_1835984.htm,公开,crawler
中国职业安全健康协会职业卫生...,knowledge,健康知识,,,中国疾病预防控制中心,https://niohp.chinacdc.cn/sndt/202605/t20260506_1835553.htm,公开,crawler
中国疾病预防控制中心职业卫生...,knowledge,健康知识,,,中国疾病预防控制中心,https://niohp.chinacdc.cn/tzgg/202605/t20260501_1835497.htm,公开,crawler
中国疾病预防控制中心职业卫生...,knowledge,健康知识,,,中国疾病预防控制中心,https://niohp.chinacdc.cn/tzgg/202604/t20260428_1835351.htm,公开,crawler
中国疾病预防控制中心职业卫生...,knowledge,健康知识,,,中国疾病预防控制中心,https://niohp.chinacdc.cn/tzgg/202603/t20260319_315634.htm,公开,crawler
职业卫生所2026年博士研究生调...,knowledge,健康知识,,职业卫生所2026年博士研究生招生审核评分小组已于2026年1月19日完成博士研究生（卫生毒理学专业）调剂考生申请材料的审核评分工作，根据考生审核成绩确定如下进入调剂复试考生名单。,中国疾病预防控制中心,https://niohp.chinacdc.cn/sndt/202601/t20260121_314751.htm,公开,crawler
中国疾病预防控制中心职业卫生...,knowledge,健康知识,,,中国疾病预防控制中心,https://niohp.chinacdc.cn/sndt/202601/t20260115_314668.htm,公开,crawler
中毒常见问答,knowledge,健康知识,,,中国疾病预防控制中心,https://niohp.chinacdc.cn/zdzx/,公开,crawler
尘肺病诊断标准片,knowledge,健康知识,,名称,中国疾病预防控制中心,https://niohp.chinacdc.cn/sndt/202211/t20221110_262053.htm,公开,crawler
标准物质与质量控制样品目录,knowledge,健康知识,,,中国疾病预防控制中心,https://niohp.chinacdc.cn/,公开,crawler
中国疾病预防控制中心,knowledge,健康知识,2026-07-07,,中国疾病预防控制中心,http://www.chinacdc.cn/,公开,crawler
病毒病预防控制所,knowledge,健康知识,,,中国疾病预防控制中心,http://ivdc.chinacdc.cn/,公开,crawler
性病艾滋病预防控制中心,knowledge,健康知识,,,中国疾病预防控制中心,http://ncaids.chinacdc.cn/,公开,crawler
慢性非传染性疾病中心,knowledge,健康知识,,,中国疾病预防控制中心,http://ncncd.chinacdc.cn/,公开,crawler
农村改水技术指导中心,knowledge,健康知识,,,中国疾病预防控制中心,http://ncrwstg.chinacdc.cn/,公开,crawler
版权与免责声明,knowledge,健康知识,,"1.凡本网站注明""稿件来源：中国疾病预防控制中心职业卫生与中毒控制所""的所有文字、图片和音视频稿件，版权均属中国疾病预防控制中心职业卫生与中毒控制所所有，任何媒体、网站或个人未经本网站协议授权转载、链接、转贴或以其他方式复制发表时必须是全文或全部内容，使用时必须注明""稿件来源：中国疾病预防控制中心职业卫生与中毒控制所""，违者本网站将依法追究责任。",中国疾病预防控制中心,https://niohp.chinacdc.cn/bqsm/,公开,crawler
中心直属单位,knowledge,健康知识,,,中国疾病预防控制中心,https://www.chinacdc.cn/jgxx/zxcs/,公开,crawler
突发公共卫生事件,knowledge,健康知识,,,中国疾病预防控制中心,https://www.chinacdc.cn/jkyj/tfggws/,公开,crawler
慢性病与伤害防控,knowledge,健康知识,,,中国疾病预防控制中心,https://www.chinacdc.cn/jkyj/mxfcrxjb2/,公开,crawler
职业卫生与中毒控制,knowledge,健康知识,,,中国疾病预防控制中心,https://www.chinacdc.cn/jkyj/hjwsyzdkz/,公开,crawler
中国现场流行病学培训项目（CFETP）,knowledge,健康知识,,,中国疾病预防控制中心,https://www.chinacdc.cn/jypx/CFETP/,公开,crawler
世界卫生组织合作中心和参比实验室,knowledge,健康知识,,中国疾控中心的世界卫生组织合作中心（7个）和参比实验室（5个）： 合作中心 1. 世界卫生组织流感参比和研究合作中心 WHO Collaborating Center for Reference and Research on Influenza 2. 世界卫生组织媒介生物监测与管理合作中心 WHO Collaborating Center for Vector Surveillance and …,中国疾病预防控制中心,https://www.chinacdc.cn/qqgw/wszz/,公开,crawler
国际交流(港澳台交流),knowledge,健康知识,,,中国疾病预防控制中心,https://www.chinacdc.cn/qqgw/gjjl/,公开,crawler
公共卫生援外与合作,knowledge,健康知识,,,中国疾病预防控制中心,https://www.chinacdc.cn/qqgw/ggws/,公开,crawler
全国法定传染病疫情情况,knowledge,健康知识,,,中国疾病预防控制中心,https://www.chinacdc.cn/jksj/jksj01/,公开,crawler
全国新型冠状病毒感染疫情情况,knowledge,健康知识,,,中国疾病预防控制中心,https://www.chinacdc.cn/jksj/xgbdyq/,公开,crawler
重点传染病和突发公共卫生事件风险评估报告,knowledge,健康知识,,,中国疾病预防控制中心,https://www.chinacdc.cn/jksj/jksj02/,公开,crawler
全球传染病事件风险评估报告,knowledge,健康知识,,,中国疾病预防控制中心,https://www.chinacdc.cn/jksj/jksj03/,公开,crawler
全国预防接种异常反应监测信息概况,knowledge,健康知识,,,中国疾病预防控制中心,https://www.chinacdc.cn/jksj/jksj04_14209/,公开,crawler
流感监测周报,knowledge,健康知识,,,中国疾病预防控制中心,https://www.chinacdc.cn/jksj/jksj04_14249/,公开,crawler
慢性非传染性疾病,knowledge,健康知识,,,中国疾病预防控制中心,https://www.chinacdc.cn/jkkp/mxfcrb/,公开,crawler
公共卫生事件,knowledge,健康知识,,,中国疾病预防控制中心,https://www.chinacdc.cn/jkkp/ggws/,公开,crawler
职业健康与中毒控制,knowledge,健康知识,,,中国疾病预防控制中心,https://www.chinacdc.cn/jkkp/zyjk/,公开,crawler
首页>健康数据>健康报告,knowledge,健康知识,,在2020年5月31日第33个世界无烟日到来之际，中国疾病预防控制中心发布了2019年中国中学生烟草调查结果，初中学生卷烟使用率明显下降，电子烟使用率显著上升，职业学校控烟工作值得关注。 2019年，按照国家卫生健康委员会的工作部署，在各地卫生健康部门和教育部门的支持下，中国疾病预防控制中心组织完成了全国中学生烟草调查。调查采用多阶段分层整群随机抽样的方法，通过自填纸质问卷的形式进行数据采集，覆盖…,中国疾病预防控制中心,https://www.chinacdc.cn/jksj/jksj04/202407/t20240731_287897.html,公开,crawler
中国疾控中心科技文献服务系统,knowledge,健康知识,,,中国疾病预防控制中心,https://literature.chinacdc.cn,公开,crawler
中国疾控中心电子采购平台,knowledge,健康知识,,,中国疾病预防控制中心,https://caigou.chinacdc.cn/,公开,crawler
版权与免责声明,knowledge,健康知识,,"①凡本网站注明""稿件来源：中国疾病预防控制中心""的所有文字、图片和音视频稿件，版权均属中国疾病预防控制中心所有，任何媒体、网站或个人未经本网站协议授权转载、链接、转贴或以其他方式复制发表时必须是全文或全部内容，使用时必须注明""稿件来源：中国疾病预防控制中心""，违者本网站将依法追究责任。 ② 本网站未注明""稿件来源：中国疾病预防控制中心""的文/图等稿件均为转载稿，本网站转载出于传递更多信息之目的，并…",中国疾病预防控制中心,https://www.chinacdc.cn/mzsm/202410/t20241028_302192.html,公开,crawler
首页>健康数据>健康报告,knowledge,健康知识,,,中国疾病预防控制中心,https://www.chinacdc.cn/jksj/jksj04/202407/t20240726_287153.html,公开,crawler
改水中心党总支举办“七一”主题党日活动暨“守正创...,knowledge,健康知识,,,中国疾病预防控制中心,https://ncrwstg.chinacdc.cn/dqgz_1/202507/t20250707_308225.htm,公开,crawler
追寻红色记忆 淬炼优良作风——改水中心党总支开展主...,knowledge,健康知识,,,中国疾病预防控制中心,https://ncrwstg.chinacdc.cn/dqgz_1/202506/t20250630_308070.htm,公开,crawler
“守正创新”学习讲堂第二讲,knowledge,健康知识,,2025年6月16日，改水中心举办“守正创新”学习讲堂第二讲，邀请中国疾病预防控制中心纪监室于欣平副处长讲党课《以案为鉴警钟长鸣 深入开展学习教育》。,中国疾病预防控制中心,https://ncrwstg.chinacdc.cn/dqgz_1/202506/t20250623_307916.htm,公开,crawler
改水中心召开警示教育大会,knowledge,健康知识,,,中国疾病预防控制中心,https://ncrwstg.chinacdc.cn/dqgz_1/202506/t20250623_307912.htm,公开,crawler
改水中心党总支“守正创新”学习讲堂开讲了,knowledge,健康知识,,,中国疾病预防控制中心,https://ncrwstg.chinacdc.cn/dqgz_1/202506/t20250611_307529.htm,公开,crawler
中国疾病预防控制中心农村改水技术...,knowledge,健康知识,,,中国疾病预防控制中心,https://ncrwstg.chinacdc.cn/gsgg/202604/t20260428_1835363.htm,公开,crawler
中国疾控中心改水中心2026年硕士研...,knowledge,健康知识,,2026年硕士生招生复试录取期间，改水中心考生接待电话：010-80117729、电子邮箱：dingxj@ncrwstg.chinacdc.cn,中国疾病预防控制中心,https://ncrwstg.chinacdc.cn/gsgg/202604/t20260403_316137.htm,公开,crawler
中国疾病预防控制中心农村改水技术...,knowledge,健康知识,,,中国疾病预防控制中心,https://ncrwstg.chinacdc.cn/gsgg/202508/P020250825546808730002.pdf,公开,crawler
中国疾病预防控制中心农村改水技术...,knowledge,健康知识,,,中国疾病预防控制中心,https://ncrwstg.chinacdc.cn/gsgg/202504/P020250424563886402738.pdf,公开,crawler
中国疾病预防控制中心农村改水技术...,knowledge,健康知识,,,中国疾病预防控制中心,https://ncrwstg.chinacdc.cn/gsgg/202410/t20241028_302180.htm,公开,crawler
中国疾病预防控制中心农村改水技术...,knowledge,健康知识,,,中国疾病预防控制中心,https://ncrwstg.chinacdc.cn/gsgg/202408/P020240826579855258966.pdf,公开,crawler
中国疾病预防控制中心农村改水技术...,knowledge,健康知识,,,中国疾病预防控制中心,https://ncrwstg.chinacdc.cn/gsgg/202405/P020240509515872702694.pdf,公开,crawler
办公网络升级运维服务和IP语音系统...,knowledge,健康知识,,中国疾病预防控制中心农村改水技术指导中心办公网络升级运维服务和IP语音系统升级服务项目评标工作已经结束，中标结果如下：,中国疾病预防控制中心,https://ncrwstg.chinacdc.cn/gsgg/202306/t20230628_267454.htm,公开,crawler
办公网络升级运维服务和IP语音系统...,knowledge,健康知识,,,中国疾病预防控制中心,https://ncrwstg.chinacdc.cn/gsgg/202306/P020230629345036660133.pdf,公开,crawler
改水中心在湖南长沙举办农村饮水监测与卫生学评价技术培训班,knowledge,健康知识,,为进一步做好全国农村饮水监测与卫生学评价技术工作，指导各地科学开展监测和卫生学评价工作，提高饮水监测和卫生学评价技术水平，改水中心于8月18-22日在湖南长沙举办了2025年农村饮水监测与卫生学评价技术培训班。改水中心党总支书记赖建强、湖南省疾病预防控制中心副主任彭晔炜、中国疾控中心公共卫生管理处林琳出席了培训班开幕式，培训班由改水中心农村饮水监测室主任李洪兴主持。全国各省、自治区、直辖市和新疆生…,中国疾病预防控制中心,https://ncrwstg.chinacdc.cn/gzdt/zxdt/202509/t20250905_310232.htm,公开,crawler
改水中心召开保密委员会工作领导小组扩大会议暨“共上一堂保密纪律课”,knowledge,健康知识,,,中国疾病预防控制中心,https://ncrwstg.chinacdc.cn/gzdt/zxdt/202505/t20250519_306886.htm,公开,crawler
改水中心开展网络数据信息安全和协同办公平台培训班,knowledge,健康知识,,,中国疾病预防控制中心,https://ncrwstg.chinacdc.cn/gzdt/zxdt/202504/t20250411_305908.htm,公开,crawler
改水中心举办2025年迎新春联欢活动,knowledge,健康知识,,物换星移辞旧岁，风和日丽迎新年。为进一步增强党组织的凝聚力和向心力，丰富职工精神文化生活，促进党群心连心，营造积极向上的工作氛围，1月17日上午，改水中心工会举办“金蛇舞春新时代，凝心聚力谱新篇”主题迎新春联欢活动。活动还邀请到中心教育培训处（昌平教学区）、慢病处的领导同事和改水中心退休职工代表一同参加。,中国疾病预防控制中心,https://ncrwstg.chinacdc.cn/gzdt/zxdt/202501/t20250124_304054.htm,公开,crawler
中心党委副书记周宇辉带队到改水中心开展党建督查,knowledge,健康知识,,,中国疾病预防控制中心,https://ncrwstg.chinacdc.cn/gzdt/zxdt/202412/t20241227_303556.htm,公开,crawler
2024年全国农村饮用水水质卫生监测数据审核培训班顺利举办,knowledge,健康知识,,,中国疾病预防控制中心,https://ncrwstg.chinacdc.cn/gzdt/zxdt/202412/t20241203_303073.htm,公开,crawler
改水中心研究生会开展“安全启航，健康同行”活动,knowledge,健康知识,,初冬的暖阳里，正值全国上下关注的11月消防安全月，中国疾病预防控制中心改水中心的师生们于11月22日踏上了一场别开生面的学习之旅，目的地直指承载着历史与智慧的中国消防博物馆。通过实地参观学习，不仅增强了师生们的消防安全意识，提升了火灾预防与应急处理能力，同时可以探索消防安全与公共卫生领域的融合点，共同为构建安全和谐的社会贡献力量。,中国疾病预防控制中心,https://ncrwstg.chinacdc.cn/gzdt/zxdt/202412/t20241202_303022.htm,公开,crawler
改水中心举办2024年农村集中式供水工程卫生学评价技术培训班,knowledge,健康知识,,,中国疾病预防控制中心,https://ncrwstg.chinacdc.cn/gzdt/zxdt/202411/t20241114_302645.htm,公开,crawler
天天都喝水，竟然没喝对？4个关键...,knowledge,健康知识,,,中国疾病预防控制中心,https://ncrwstg.chinacdc.cn/kpyd/202607/t20260702_1837704.htm,公开,crawler
11月19日 世界厕所日 ——我们离不...,knowledge,健康知识,,,中国疾病预防控制中心,https://ncrwstg.chinacdc.cn/kpyd/202511/t20251120_313592.htm,公开,crawler
“手”护健康 从洗手开始,knowledge,健康知识,,,中国疾病预防控制中心,https://ncrwstg.chinacdc.cn/kpyd/202510/t20251015_312972.htm,公开,crawler
农村饮水安全不可忽视！这些知识你...,knowledge,健康知识,,,中国疾病预防控制中心,https://ncrwstg.chinacdc.cn/kpyd/202505/t20250509_306671.htm,公开,crawler
你是不是也有这样的疑问？《水滴博...,knowledge,健康知识,,,中国疾病预防控制中心,https://ncrwstg.chinacdc.cn/kpyd/202504/t20250417_306021.htm,公开,crawler
夏季喝水的正确打开方式,knowledge,健康知识,,炎热的夏天马上就要到了，我们应该如何正确饮水呢？,中国疾病预防控制中心,https://ncrwstg.chinacdc.cn/kpyd/202405/t20240511_277787.htm,公开,crawler
四个锦囊，帮助老年人走出夏季饮水...,knowledge,健康知识,,夏季烈日炎炎，人体出汗明显增多，老年人由于身体机能下降，更需要补充水分。然而，在饮水过程中，老年人常常会陷入一些误区，比如“喝生水没事儿”“夏天就得喝冰水解渴”“不渴就不用喝水”“怕尿频不敢喝水”等，实际上这些误区可能会使老年人掉入健康“陷阱”。下面，就针对这四大误区，为大家介绍四个锦囊，帮助老年人走出夏季饮水误区。,中国疾病预防控制中心,https://ncrwstg.chinacdc.cn/kpyd/202405/t20240511_277786.htm,公开,crawler
生活饮用水安全知识问答,knowledge,健康知识,,,中国疾病预防控制中心,https://ncrwstg.chinacdc.cn/kpyd/202310/t20231027_270345.htm,公开,crawler
改水中心党总支开展“弘扬伟大抗疫精神”主题党日活动暨“守正创新”学...,knowledge,健康知识,,,中国疾病预防控制中心,https://ncrwstg.chinacdc.cn/dqgz_1/202607/t20260701_1837615.htm,公开,crawler
改水中心召开警示教育大会暨“警示教育月”主题党日活动,knowledge,健康知识,,,中国疾病预防控制中心,https://ncrwstg.chinacdc.cn/dqgz_1/202606/t20260630_1837542.htm,公开,crawler
改水中心党总支召开树立和践行正确政绩观学习教育动员部署会,knowledge,健康知识,,,中国疾病预防控制中心,https://ncrwstg.chinacdc.cn/dqgz_1/202603/t20260319_315607.htm,公开,crawler
改水中心举办“心系改水，共绽芳华”三八妇女节活动,knowledge,健康知识,,,中国疾病预防控制中心,https://ncrwstg.chinacdc.cn/dqgz_1/202603/t20260313_315444.htm,公开,crawler
茶韵悠长展风采 疾控情怀系健康——改水中心参加中心（院）元宵汇演侧记,knowledge,健康知识,,,中国疾病预防控制中心,https://ncrwstg.chinacdc.cn/dqgz_1/202603/t20260306_315302.htm,公开,crawler
改水中心举办2026年职工迎新春联欢活动,knowledge,健康知识,,,中国疾病预防控制中心,https://ncrwstg.chinacdc.cn/dqgz_1/202602/t20260224_315183.htm,公开,crawler
改水中心2025年度党建工作述职会顺利召开,knowledge,健康知识,,,中国疾病预防控制中心,https://ncrwstg.chinacdc.cn/dqgz_1/202601/t20260129_314850.htm,公开,crawler
科技文献服务系统,knowledge,健康知识,,,中国疾病预防控制中心,https://literature.chinacdc.cn/,公开,crawler
全国急性呼吸道传染病哨点监测情况,knowledge,健康知识,,,中国疾病预防控制中心,https://www.chinacdc.cn/jksj/jksj04_14275/,公开,crawler
2026年6月中国需关注的突发公共卫生事件风险评估2026-06-22,knowledge,健康知识,,,中国疾病预防控制中心,https://www.chinacdc.cn/jksj/jksj02/202606/P020260622478062721562.pdf,公开,crawler
2026年5月中国需关注的突发公共卫生事件风险评估2026-06-04,knowledge,健康知识,,,中国疾病预防控制中心,https://www.chinacdc.cn/jksj/jksj02/202606/P020260604408941797248.pdf,公开,crawler
2026年4月中国需关注的突发公共卫生事件风险评估2026-04-27,knowledge,健康知识,,,中国疾病预防控制中心,https://www.chinacdc.cn/jksj/jksj02/202604/P020260428210474174178.pdf,公开,crawler
2026年3月中国需关注的突发公共卫生事件风险评估2026-04-23,knowledge,健康知识,,,中国疾病预防控制中心,https://www.chinacdc.cn/jksj/jksj02/202604/P020260423416557955257.pdf,公开,crawler
2026年2月中国需关注的突发公共卫生事件风险评估2026-03-06,knowledge,健康知识,,,中国疾病预防控制中心,https://www.chinacdc.cn/jksj/jksj02/202603/P020260415619962249466.pdf,公开,crawler
2026年1月中国需关注的突发公共卫生事件风险评估2026-01-23,knowledge,健康知识,,,中国疾病预防控制中心,https://www.chinacdc.cn/jksj/jksj02/202601/P020260422833406812816.pdf,公开,crawler
2025年12月中国需关注的突发公共卫生事件风险评估2026-01-04,knowledge,健康知识,,,中国疾病预防控制中心,https://www.chinacdc.cn/jksj/jksj02/202601/P020260105330213069563.pdf,公开,crawler
2025年11月中国需关注的突发公共卫生事件风险评估2025-12-23,knowledge,健康知识,,,中国疾病预防控制中心,https://www.chinacdc.cn/jksj/jksj02/202512/P020260428344408144028.pdf,公开,crawler
2025年10月中国需关注的突发公共卫生事件风险评估2025-10-28,knowledge,健康知识,,,中国疾病预防控制中心,https://www.chinacdc.cn/jksj/jksj02/202510/P020260423030698951113.pdf,公开,crawler
2025年9月中国需关注的突发公共卫生事件风险评估2025-10-15,knowledge,健康知识,,,中国疾病预防控制中心,https://www.chinacdc.cn/jksj/jksj02/202510/P020260423031008974995.pdf,公开,crawler
2025年8月中国需关注的突发公共卫生事件风险评估2025-09-02,knowledge,健康知识,,,中国疾病预防控制中心,https://www.chinacdc.cn/jksj/jksj02/202509/P020260423031286650310.pdf,公开,crawler
2025年7月中国需关注的突发公共卫生事件风险评估2025-07-31,knowledge,健康知识,,,中国疾病预防控制中心,https://www.chinacdc.cn/jksj/jksj02/202507/P020260423031563486433.pdf,公开,crawler
疫苗和预防接种,knowledge,健康知识,,,中国疾病预防控制中心,https://www.chinacdc.cn/jkyj/mygh02/,公开,crawler
首页>中心要闻,knowledge,健康知识,2026-07-03,7月3日上午，中国疾病预防控制中心（中国预防医学科学院）举办2026年职工荣休仪式。中心（院）主任（院长）、党委副书记王健伟，中心（院）党委副书记周宇辉，中心（院）党委常委、纪委书记梅扬出席仪式。仪式现场，中心（院）领导为荣休同志颁授纪念牌、敬献鲜花，通过短片重温美好时光，送上真挚祝福，引发全场温情共鸣。王健伟主任（院长）代表中心（院）领导班子向荣休同志致以诚挚敬意和美好祝福。他指出，各位荣休同志…,中国疾病预防控制中心,https://www.chinacdc.cn/zxyw/202607/t20260703_1837787.html,公开,crawler
中国疾控中心专家启程赴刚果（金）支援埃博拉疫情防控,knowledge,健康知识,2026-07-02,2026年7月3日凌晨，按照国家卫生健康委工作安排，中国疾控中心病毒病所苏秋东研究员，作为中国第二批埃博拉抗疫医疗专家组成员，从首都机场启程赴刚果（金）支援埃博拉疫情防控工作。他们将接续首批专家组工作，与中国援刚果（金）医疗队一道，加强风险趋势评估，与有关疾病控制机构交流防疫经验，推动合作，与国际组织建立常态化联络机制，参与抗疫国际行动，助力当地提升埃博拉疫情防控能力。中国疾控中心党委副书记周宇辉…,中国疾病预防控制中心,https://www.chinacdc.cn/zxyw/202607/t20260703_1837788.html,公开,crawler
中国疾病预防控制中心（中国预防医学科学院）举行2026届研究生毕业典礼暨学位授予仪式,knowledge,健康知识,2026-07-01,2026年7月2日，中国疾病预防控制中心（中国预防医学科学院）2026届研究生毕业典礼暨学位授予仪式在北区举行。中心（院）主任（院长）、学位评定委员会主席、研究生院院长、中国工程院院士王健伟，中国工程院院士陈君石，中心（院）领导班子成员出席活动。中心（院）各培养单位和总部处室负责同志、首席专家、学位评定委员会委员、导师代表、校友代表、2026届全体毕业生及亲友代表共500余人参加典礼。典礼由中心（…,中国疾病预防控制中心,https://www.chinacdc.cn/zxyw/202607/t20260702_1837760.html,公开,crawler
中国疾控中心（中国预科院）团委获评全国五四红旗团委,knowledge,健康知识,2026-06-24,近日，共青团中央印发《关于表彰全国五四红旗团委（团支部）、全国优秀共青团员、全国优秀共青团干部的决定》（中青发〔2026〕6号），授予350个团组织全国五四红旗团委称号、350个团组织全国五四红旗团支部称号、500名同志全国优秀共青团员称号、349名同志全国优秀共青团干部称号，中国疾病预防控制中心（中国预防医学科学院）团委荣获全国五四红旗团委称号。这是共青团中央授予基层团组织的最高荣誉。近年来，中…,中国疾病预防控制中心,https://www.chinacdc.cn/zxyw/202607/t20260701_1837653.html,公开,crawler
公共卫生大数据协同创新中心建设试点工作推进会在京召开,knowledge,健康知识,2026-06-26,2026年6月17日，公共卫生大数据协同创新中心建设试点工作推进会在北京召开。中国疾控中心（中国预科院）党委书记、副主任（副院长）张国新出席会议。江苏、湖北、福建三个省及苏州、厦门、宜昌三个试点城市卫生信息中心和疾控中心负责人参会。会议由科技处处长李振军主持。会上，李振军宣读试点工作任务相关文件及专家委员会名单，张国新为受聘专家颁发聘书。中国疾控中心慢病中心副主任周脉耕汇报试点工作进展。自项目启动…,中国疾病预防控制中心,https://www.chinacdc.cn/zxyw/202606/t20260629_1837533.html,公开,crawler
中国疾控中心（中国预防医学科学院）举办“光荣在党50年”纪念章颁发仪式,knowledge,健康知识,2026-06-26,6月26日，中心（院）党委隆重举办2026年“光荣在党50年”纪念章颁发仪式。党委书记、副主任（副院长）张国新为获得荣誉的老党员颁发纪念章，并送上鲜花和诚挚的祝贺。纪委书记梅扬主持仪式。张国新书记指出，今年是中国共产党成立105周年，中心（院）隆重举办颁发仪式，具有十分重要的意义。今天获得荣誉的老党员为中心（院）的建设和发展做出了积极贡献，是历史的参与者、见证者。纪念章颁发仪式既是对老党员忠诚履职…,中国疾病预防控制中心,https://www.chinacdc.cn/zxyw/202606/t20260626_1837499.html,公开,crawler
中国疾控中心（中国预科院）举办2026年“我和我的疾控故事”宣讲会,knowledge,健康知识,2026-06-25,6月25日下午，中心（院）举办以“弘扬伟大抗疫精神 走好疾控新长征路”为主题的2026年“我和我的疾控故事”宣讲会。中心（院）党委书记、副主任（副院长）张国新，中国传媒大学党委常委、副校长任孟山出席，各单位干部职工、研究生通过线上和线下方式观看。会上，来自直属各单位和总部的11位宣讲人立足各自岗位，用真挚情感和质朴语言分享了抗疫岁月里的坚守与日常工作中的担当。中国传媒大学副校长任孟山教授进行了点评…,中国疾病预防控制中心,https://www.chinacdc.cn/zxyw/202606/t20260626_1837492.html,公开,crawler
首页>健康提示,knowledge,健康知识,,2026年5月31日是第39个世界无烟日，今年的主题是“青春无烟 未来无限”。烟草烟雾中含有7000余种化学成分，其中数百种为有害物质，至少69种为致癌物。青少年正处在生长发育的重要时期，吸烟会严重损害青少年呼吸系统和心血管系统，并且会加速其成年后慢性病的发生。烟草中的尼古丁可以使人成瘾，一旦成瘾很难戒断。研究表明，青少年大脑尚未发育成熟，比成年人更容易上瘾，甚至可能影响青少年的大脑发育。开始吸烟…,中国疾病预防控制中心,https://www.chinacdc.cn/jkts/202605/t20260529_1836140.html,公开,crawler
2026世界无烟日海报.jpg,knowledge,健康知识,,,中国疾病预防控制中心,https://www.chinacdc.cn/jkts/202605/P020260529402073562302.jpg,公开,crawler
首页>工作动态>挂靠单位,knowledge,健康知识,,11月17日—19日，由中国疾病预防控制中心鼠疫布氏菌病预防控制基地（以下简称鼠布基地）主办的2025年全国鼠疫信息技术培训班在江西省南昌市举办。来自全国各鼠疫监测省（自治区、直辖市）及新疆生产建设兵团疾病预防控制中心（专业所）的鼠疫防控科（所）负责人、《鼠疫防治管理信息系统》业务管理员及江西省鼠疫监测点工作人员共计70余人参加了培训。 鼠布基地和江西省疾病预防控制中心相关领导出席了培训班开班式。…,中国疾病预防控制中心,https://www.chinacdc.cn/gzdt/gkdw/202511/t20251121_313630.html,公开,crawler
首页>健康提示,knowledge,健康知识,,随着6月的到来，全国气温普遍回升，6月7-10日全国高考之后逐渐迎来暑假出游高峰期。与此同时，夏季也是多种传染病、食物中毒以及气象次生健康风险的高发时段。中国疾病预防控制中心温馨提示：6月份需关注登革热、基孔肯雅热、寨卡病毒病、埃博拉病毒病、猴痘、发热伴血小板减少综合征、手足口病、食物中毒、高温中暑。一、登革热、基孔肯雅热、寨卡病毒病等蚊媒传染病登革热由登革热病毒引起，经伊蚊叮咬传播。常见症状为突…,中国疾病预防控制中心,https://www.chinacdc.cn/jkts/202606/t20260610_1836703.html,公开,crawler
职业卫生与中毒控制所,knowledge,健康知识,,,中国疾病预防控制中心,http://niohp.chinacdc.cn/,公开,crawler
辐射防护与核安全医学所,knowledge,健康知识,,,中国疾病预防控制中心,https://nirp.chinacdc.cn/,公开,crawler
首页>健康数据>全国新型冠状病毒感染疫情情况,knowledge,健康知识,,一、全国发热门诊（诊室）诊疗情况2026年5月1日-5月31日，全国31个省（自治区、直辖市）及新疆生产建设兵团各级各类医疗机构发热门诊（诊室）诊疗量波动上升，从2026年5月1日的3.9万人次增加至5月31日的5.9万人次。见图1。图1 全国发热门诊（诊室）诊疗人次数变化趋势二、全国新冠病毒感染病例报告情况2026年5月1日-5月31日，全国31个省（自治区、直辖市）及新疆生产建设兵团报告新增确…,中国疾病预防控制中心,https://www.chinacdc.cn/jksj/xgbdyq/202606/t20260605_1836511.html,公开,crawler
首页>工作动态>中心总部,knowledge,健康知识,2026-06-23,2026年6月23日中午，疾控青年科学家联盟2026年第3期学术午餐会顺利举办。本次活动由中国疾控中心科技处、疾控青年科学家联盟主办，寄生虫病所、国家卫生健康委寄生虫病原与媒介生物学重点实验室承办，活动以“学术成长之路：青年学者的科研坚持与成果转化”为主题，聚焦青年科研人员成长痛点，搭建学术交流平台，分享成果转化经验。寄生虫病所副所长郑彬研究员出席活动并致辞。本次学术午餐会特邀复旦大学生命科学学院…,中国疾病预防控制中心,https://www.chinacdc.cn/gzdt/zxzb/202606/t20260625_1837468.html,公开,crawler
中国疾控中心（中国预科院）与新华网联合举办呼吸健康主题圆桌对话,knowledge,健康知识,2026-06-22,2026年6月22日，中国疾控中心（中国预科院）联合新华网在北京举办“关爱一老一小 守护呼吸健康 打造健康生活链”主题圆桌会，围绕呼吸道疾病防控新态势、新手段、新理念展开深入交流。“一老一小”是呼吸道疾病防控的重点人群，加强重点人群健康保护，是完善公共卫生体系、提升全生命周期健康服务能力的重要内容。中国疾控中心（中国预科院）与新华网着力搭建更高效的健康科普供给系统，形成结合线上线下融合的传播矩阵，…,中国疾病预防控制中心,https://www.chinacdc.cn/gzdt/zxzb/202606/t20260623_1837324.html,公开,crawler
中国疾病预防控制中心二期工程临时联合党支部前往中国人民抗日战争纪念馆开展党日活动,knowledge,健康知识,2026-06-18,为传承伟大抗战精神，厚植党员爱国情怀，凝聚项目建设奋进力量，6月18日，中国疾病预防控制中心二期项目临时联合党支部组织全体党员前往中国人民抗日战争纪念馆，开展“传承红色精神，勇担时代使命”主题党日教育活动。中国疾病预防控制中心二期工程临时联合党支部书记、项目负责人蒋晋生、资产处处长陈园生、财务处副处长吕洁；中建八局北京公司党委副书记、纪委书记、工会主席于文静等参加活动。活动现场庄严肃穆，全体人员怀…,中国疾病预防控制中心,https://www.chinacdc.cn/gzdt/zxzb/202606/t20260622_1837229.html,公开,crawler
张丽杰研究员当选 TEPHINET 指导委员会委员——助力全球公共卫生合作,knowledge,健康知识,2026-06-18,近日，全球现场流行病学培训项目和公共卫生干预网络（TEPHINET）公布新一届指导委员会成员名单。经国际专家组综合评审与严格遴选，中国疾病预防控制中心流行病学办公室副主任、中国现场流行病学培训项目（CFETP）副主任张丽杰研究员成功当选该委员会有投票权正式委员，任期三年（2026—2029 年）。TEPHINET 指导委员会由原咨询委员会转型设立，被赋予更强的执行职能，旨在为TEPHINET提供战…,中国疾病预防控制中心,https://www.chinacdc.cn/gzdt/zxzb/202606/t20260618_1837098.html,公开,crawler
汲取榜样力量 涵养清风正气 ——中心（院）组织观看廉政影片《杨善洲》,knowledge,健康知识,2026-06-16,为深入开展警示教育月活动，持续加强党风廉政建设，6月16日上午，中心（院）纪委组织党员干部集中观看了廉政教育题材电影《杨善洲》。中心（院）总部及直属各单位共130余名党员干部参加此次观影。影片生动再现了原保山地委书记杨善洲同志的感人事迹。观影过程中，大家无不为杨善洲同志“清贫一辈子、奋斗一辈子、奉献一辈子”的崇高品格所震撼，那份大公无私的境界、淡泊名利的胸襟、鞠躬尽瘁的执着，直击人心、催人奋进，让…,中国疾病预防控制中心,https://www.chinacdc.cn/gzdt/zxzb/202606/t20260618_1837091.html,公开,crawler
中心（院）团委举办疾控青年 廉政主题参观活动,knowledge,健康知识,2026-06-15,为进一步提升中心（院）青年干部职工的廉洁意识和纪律观念，持续筑牢作风建设根基，6月12日，中心（院）团委组织50余名青年赴北京市廉政教育基地文天祥祠，开展疾控青年廉政主题参观学习。活动现场，大家依次参观了文天祥生平展览、手稿等实物陈列、祠外《正气歌》刻石等，了解了他从入仕到起兵抗元、直至慷慨就义的壮烈一生，系统学习文天祥爱国奉公、清廉守节的崇高品格，沉浸式体悟“人生自古谁无死，留取丹心照汗青”的家…,中国疾病预防控制中心,https://www.chinacdc.cn/gzdt/zxzb/202606/t20260616_1836778.html,公开,crawler
2026年全国疾控系统实验动物使用与管理培训班在呼和浩特举办,knowledge,健康知识,2026-06-11,2026年6月10日—12日，全国疾控系统实验动物使用与管理培训班在内蒙古自治区呼和浩特市举办。来自全国各省（自治区、直辖市）、新疆生产建设兵团及计划单列市疾控中心的80余名实验动物管理、技术骨干参加培训。培训紧密结合疾控工作实际，聚焦实验动物资源、实验动物模型及类器官等基础研究热点，实验动物设施建设与运行管理专题，实验动物质量监管及生物风险控制三个重点方向，邀请系统内及行业专家开展专题授课。本次…,中国疾病预防控制中心,https://www.chinacdc.cn/gzdt/zxzb/202606/t20260615_1836772.html,公开,crawler
全国新型冠状病毒感染疫情情况（2026年6月）2026-07-08,knowledge,健康知识,,一、全国发热门诊（诊室）诊疗情况2026年6月1日—30日，全国31个省（自治区、直辖市）及新疆生产建设兵团各级各类医疗机构发热门诊（诊室）诊疗量波动上升，从2026年6月1日的5.8万人次波动上升至6月30日的6.5万人次。（见图1）图1 全国发热门诊（诊室）诊疗人次数变化趋势二、全国新冠病毒感染病例报告情况2026年6月1日—30日，全国31个省（自治区、直辖市）及新疆生产建设兵团报告新增确诊…,中国疾病预防控制中心,https://www.chinacdc.cn/jksj/xgbdyq/202607/t20260708_1837916.html,公开,crawler
全国新型冠状病毒感染疫情情况（2026年4月）2026-05-13,knowledge,健康知识,,一、全国发热门诊（诊室）诊疗情况2026年4月1日-4月30日，全国31个省（自治区、直辖市）及新疆生产建设兵团各级各类医疗机构发热门诊（诊室）诊疗量，从2026年4月1日的4.1万人次下降至4月4日的3.5万人次，之后波动增加，最高为4月27日的4.9万人次，4月30日为3.9万人次。见图1。图1 全国发热门诊（诊室）诊疗人次数变化趋势二、全国新冠病毒感染病例报告情况2026年4月1日-4月30…,中国疾病预防控制中心,https://www.chinacdc.cn/jksj/xgbdyq/202605/t20260512_1835734.html,公开,crawler
全国新型冠状病毒感染疫情情况（2026年3月）2026-04-10,knowledge,健康知识,,一、全国发热门诊（诊室）诊疗情况 2026年3月1日-3月31日，全国31个省（自治区、直辖市）及新疆生产建设兵团各级各类医疗机构发热门诊（诊室）诊疗量，从2026年3月1日的3.6万人次波动下降至3月7日的3.0万人次，之后波动增加，3月31日为4.0万人次。见图1。 图1 全国发热门诊（诊室）诊疗人次数变化趋势 二、全国新冠病毒感染病例报告情况 2026年3月1日-3月31日，全国31个省（自…,中国疾病预防控制中心,https://www.chinacdc.cn/jksj/xgbdyq/202604/t20260407_316151.html,公开,crawler
全国新型冠状病毒感染疫情情况（2026年2月）2026-03-12,knowledge,健康知识,,一、全国发热门诊（诊室）诊疗情况 2026年2月1日-2月28日，全国31个省（自治区、直辖市）及新疆生产建设兵团各级各类医疗机构发热门诊（诊室）诊疗量，从2026年2月1日的4.1万人次波动下降至2月16日的2.3万人次，随后回升至2月24日的3.9万人次，之后下降至2月28日的3.2万人次。见图1。 图1 全国发热门诊（诊室）诊疗人次数变化趋势 二、全国新冠病毒感染病例报告情况 2026年2月…,中国疾病预防控制中心,https://www.chinacdc.cn/jksj/xgbdyq/202603/t20260310_315330.html,公开,crawler
全国新型冠状病毒感染疫情情况（2026年1月）2026-02-10,knowledge,健康知识,,一、全国发热门诊（诊室）诊疗情况 2026年1月1日-1月31日，全国31个省（自治区、直辖市）及新疆生产建设兵团各级各类医疗机构发热门诊（诊室）诊疗量，从2026年1月1日的4.3万人次上升至1月4日的5.9万人次，随后波动下降至1月31日的3.5万人次。见图1。 图1 全国发热门诊（诊室）诊疗人次数变化趋势 二、全国新冠病毒感染病例报告情况 2026年1月1日-1月31日，全国31个省（自治区…,中国疾病预防控制中心,https://www.chinacdc.cn/jksj/xgbdyq/202602/t20260203_314905.html,公开,crawler
全国新型冠状病毒感染疫情情况（2025年12月）2026-01-09,knowledge,健康知识,,一、全国发热门诊（诊室）诊疗情况 2025年12月1日-12月31日，全国31个省（自治区、直辖市）及新疆生产建设兵团各级各类医疗机构发热门诊（诊室）诊疗量，从12月1日的18.3万人次波动下降至12月31日的4.0万人次。见图1。 图1 全国发热门诊（诊室）诊疗人次数变化趋势 二、全国新冠病毒感染病例报告情况 2025年12月1日-12月31日，全国31个省（自治区、直辖市）及新疆生产建设兵团报…,中国疾病预防控制中心,https://www.chinacdc.cn/jksj/xgbdyq/202601/t20260109_314543.html,公开,crawler
全国新型冠状病毒感染疫情情况（2025年11月）2025-12-05,knowledge,健康知识,,一、全国发热门诊（诊室）诊疗情况 2025年11月1日-11月30日，全国31个省（自治区、直辖市）及新疆生产建设兵团各级各类医疗机构发热门诊（诊室）诊疗量，从11月1日的6.1万人次波动上升至11月30日的15.4万人次，呈波动上升趋势。见图1。 图1 全国发热门诊（诊室）诊疗人次数变化趋势 二、全国新冠病毒感染病例报告情况 2025年11月1日-11月30日，全国31个省（自治区、直辖市）及新…,中国疾病预防控制中心,https://www.chinacdc.cn/jksj/xgbdyq/202512/t20251205_313996.html,公开,crawler
全国新型冠状病毒感染疫情情况（2025年10月）2025-11-06,knowledge,健康知识,,一、全国发热门诊（诊室）诊疗情况 2025年10月1日-10月31日，全国31个省（自治区、直辖市）及新疆生产建设兵团各级各类医疗机构发热门诊（诊室）诊疗量从10月1日的5.5万人次波动上升至10月27日的6.7万人次，其后在6.0万至6.3万人次之间波动。见图1。 图1 全国发热门诊（诊室）诊疗人次数变化趋势 二、全国新冠病毒感染病例报告情况 2025年10月1日-10月31日，全国31个省（自…,中国疾病预防控制中心,https://www.chinacdc.cn/jksj/xgbdyq/202511/t20251105_313287.html,公开,crawler
全国新型冠状病毒感染疫情情况（2025年9月）2025-10-11,knowledge,健康知识,,一、全国发热门诊（诊室）诊疗情况 2025年9月1日-9月30日，全国31个省（自治区、直辖市）及新疆生产建设兵团各级各类医疗机构发热门诊（诊室）诊疗量在4.2万至5.9万人次之间波动。见图1。 图1 全国发热门诊（诊室）诊疗人次数变化趋势 二、全国新冠病毒感染病例报告情况 2025年9月1日-9月30日，全国31个省（自治区、直辖市）及新疆生产建设兵团报告新增确诊病例66915例，其中重症病例1…,中国疾病预防控制中心,https://www.chinacdc.cn/jksj/xgbdyq/202510/t20251011_312903.html,公开,crawler
全国新型冠状病毒感染疫情情况（2025年8月）2025-09-05,knowledge,健康知识,,一、全国发热门诊（诊室）诊疗情况 2025年8月1日-8月31日，全国31个省（自治区、直辖市）及新疆生产建设兵团各级各类医疗机构发热门诊（诊室）诊疗量在4.1万至5.0万人次之间波动。见图1。 图1 全国发热门诊（诊室）诊疗人次数变化趋势 二、全国新冠病毒感染病例报告情况 2025年8月1日-8月31日，全国31个省（自治区、直辖市）及新疆生产建设兵团报告新增确诊病例164625例，其中重症病例…,中国疾病预防控制中心,https://www.chinacdc.cn/jksj/xgbdyq/202509/t20250905_310229.html,公开,crawler
全国新型冠状病毒感染疫情情况（2025年7月）2025-08-06,knowledge,健康知识,,一、全国发热门诊（诊室）诊疗情况 2025年7月1日-7月31日，全国31个省（自治区、直辖市）及新疆生产建设兵团各级各类医疗机构发热门诊（诊室）诊疗量总体呈波动下降趋势。7月1日至7月6日在5.2万至6.2万（本月最高）之间波动，随后波动下降至7月26日的4.3万（本月最低），7月31日为4.8万。见图1。 图1 全国发热门诊（诊室）诊疗人次数变化趋势 二、全国新冠病毒感染病例报告情况 2025…,中国疾病预防控制中心,https://www.chinacdc.cn/jksj/xgbdyq/202508/t20250806_309202.html,公开,crawler
